id,first_name,last_name,email,gender,ip_address,salario
1,Lorraine,Lockart,llockart0@devhub.com,Female,253.5.88.65,266.64
2,Hyacinth,Tettersell,htettersell1@google.co.jp,Female,90.254.177.244,130.63
3,Hyacinthe,Grayham,hgrayham2@free.fr,Female,142.112.99.194,94.86
4,Candy,Coombs,ccoombs3@t.co,Female,198.36.70.202,931.48
5,Brande,Kissock,bkissock4@mit.edu,Female,49.34.41.139,682.58
6,Debora,Warnock,dwarnock5@cam.ac.uk,Female,243.173.7.83,486.57
7,Malinde,Fold,mfold6@yandex.ru,Female,14.75.49.223,569.98
8,Agatha,Pearne,apearne7@reddit.com,Female,8.209.172.158,475.08
9,Anni,Barbey,abarbey8@bravesites.com,Female,249.102.114.81,301.10
10,Fax,Sandiford,fsandiford9@woothemes.com,Male,230.112.231.46,446.37
11,Denny,Ballantyne,dballantynea@thetimes.co.uk,Female,213.223.119.23,922.69
12,Chrisse,Statham,cstathamb@harvard.edu,Male,49.134.210.106,721.45
13,Allan,Iskowicz,aiskowiczc@rambler.ru,Male,128.139.93.209,735.73
14,Baxie,Verheyden,bverheydend@jiathis.com,Male,61.118.64.156,499.95
15,Emmett,Pafford,epafforde@squidoo.com,Male,9.167.234.122,40.83
16,Curran,Almond,calmondf@about.me,Male,3.118.118.210,782.10
17,Robinetta,Pritchard,rpritchardg@lulu.com,Female,253.92.72.132,674.03
18,Jamal,Szanto,jszantoh@sourceforge.net,Male,215.86.131.85,300.19
19,Ray,Ilyunin,rilyunini@myspace.com,Male,138.32.36.151,618.53
20,Callean,Moodycliffe,cmoodycliffej@virginia.edu,Male,214.114.69.80,451.59
21,Yolande,Moyler,ymoylerk@buzzfeed.com,Female,88.94.13.247,140.06
22,Noreen,Towne,ntownel@sohu.com,Female,72.159.164.17,377.20
23,Kiley,Eliassen,keliassenm@walmart.com,Female,24.27.213.14,235.49
24,Adria,Fenner,afennern@ifeng.com,Female,139.15.245.218,31.29
25,Margaretha,Ffrench,mffrencho@businessweek.com,Female,217.244.237.7,537.06
26,Kalli,Haddrell,khaddrellp@shareasale.com,Female,86.213.143.228,923.27
27,Meryl,Pate,mpateq@ezinearticles.com,Male,196.123.243.155,279.97
28,Viola,Wharby,vwharbyr@google.nl,Female,50.44.98.115,877.45
29,Xylia,Hayhoe,xhayhoes@uiuc.edu,Female,113.242.70.71,742.90
30,Anjanette,Barens,abarenst@microsoft.com,Female,121.167.110.180,493.38
31,Cory,Ferreri,cferreriu@gov.uk,Male,99.230.112.44,853.69
32,Kelvin,Setch,ksetchv@mlb.com,Male,204.0.85.54,891.22
33,Amanda,Gouldbourn,agouldbournw@xing.com,Female,148.133.248.211,809.57
34,Rey,Puttock,rputtockx@amazon.de,Female,209.220.54.248,266.81
35,Latashia,Follett,lfolletty@uol.com.br,Female,151.133.161.219,138.03
36,Lina,Bambridge,lbambridgez@ftc.gov,Female,153.233.0.60,275.55
37,Miof mela,Garaway,mgaraway10@foxnews.com,Female,192.103.68.225,280.13
38,Hallie,Paur,hpaur11@google.com.br,Female,164.205.147.252,523.74
39,Malia,Trainer,mtrainer12@sogou.com,Female,17.243.150.96,861.67
40,Dorian,Cottam,dcottam13@istockphoto.com,Male,186.193.255.200,331.03
41,Jerrilyn,Filde,jfilde14@ed.gov,Female,126.146.26.36,153.30
42,Archibold,Prangnell,aprangnell15@bloglines.com,Male,37.108.104.201,643.32
43,Dianne,Carroll,dcarroll16@nps.gov,Female,107.119.180.41,31.42
44,Gibbie,Wantling,gwantling17@flickr.com,Male,74.200.41.56,552.26
45,Mirabella,Mulheron,mmulheron18@cam.ac.uk,Female,83.134.101.61,6.12
46,Hughie,Lockton,hlockton19@i2i.jp,Male,153.125.54.114,920.00
47,Haleigh,Horsell,hhorsell1a@cdbaby.com,Female,117.17.74.239,553.07
48,Rupert,Pedron,rpedron1b@github.com,Male,197.178.176.122,41.65
49,Emilee,Melbourn,emelbourn1c@narod.ru,Female,199.22.92.190,502.41
50,Dyanne,Spelman,dspelman1d@dedecms.com,Female,131.219.101.29,426.54
51,Laurice,Swains,lswains1e@archive.org,Female,9.91.105.108,819.64
52,Zacherie,Draper,zdraper1f@hibu.com,Male,227.169.211.233,710.79
53,Mirelle,Haggish,mhaggish1g@admin.ch,Female,65.7.31.5,689.97
54,Aldrich,Point,apoint1h@technorati.com,Male,167.85.5.8,583.37
55,Allissa,Tregido,atregido1i@usnews.com,Female,106.55.214.40,941.49
56,Lindsay,Peet,lpeet1j@google.it,Male,51.169.146.113,579.86
57,Cristionna,Orred,corred1k@chron.com,Female,38.58.69.215,847.64
58,Liuka,Allder,lallder1l@scribd.com,Female,68.76.91.123,761.59
59,Kimberlyn,Semorad,ksemorad1m@drupal.org,Female,39.222.234.167,564.49
60,Franciska,Reinbach,freinbach1n@wikispaces.com,Female,21.120.114.136,92.90
61,Broderic,Klampt,bklampt1o@dailymail.co.uk,Male,66.57.181.105,966.90
62,Bradford,Spillett,bspillett1p@4shared.com,Male,81.96.251.129,469.80
63,Bevin,Sawkins,bsawkins1q@twitter.com,Male,106.83.118.213,955.92
64,Evangelina,Jelley,ejelley1r@npr.org,Female,42.5.63.174,144.68
65,Regan,Popelay,rpopelay1s@sourceforge.net,Male,167.194.187.214,194.30
66,Berthe,Northway,bnorthway1t@4shared.com,Female,195.176.109.184,153.98
67,Hermie,Bernadot,hbernadot1u@admin.ch,Male,162.118.229.190,71.20
68,Tessi,McDuffie,tmcduffie1v@dailymail.co.uk,Female,247.248.167.40,46.36
69,Addy,Gircke,agircke1w@ed.gov,Male,196.216.182.93,64.58
70,Mona,Straughan,mstraughan1x@hugedomains.com,Female,128.82.52.108,459.94
71,Thacher,Barnewall,tbarnewall1y@ask.com,Male,254.210.215.82,146.13
72,Irv,Ballintime,iballintime1z@vimeo.com,Male,243.61.225.151,467.50
73,Friedrick,Joyner,fjoyner20@w3.org,Male,213.121.144.220,811.04
74,Rayner,Cusick,rcusick21@discovery.com,Male,140.202.59.75,573.73
75,Gauthier,Riba,griba22@livejournal.com,Male,235.83.147.140,332.15
76,Bond,Marciek,bmarciek23@nature.com,Male,231.29.125.10,159.46
77,Kliment,Hellwig,khellwig24@scribd.com,Male,79.29.121.60,21.49
78,Neda,Thurber,nthurber25@nbcnews.com,Female,3.192.63.62,672.03
79,Roana,Gladhill,rgladhill26@yale.edu,Female,14.30.192.96,540.81
80,Roi,Tibbits,rtibbits27@shinystat.com,Male,195.182.164.174,528.74
81,Terrance,Balmadier,tbalmadier28@jiathis.com,Male,75.254.152.243,198.34
82,Torie,Clement,tclement29@oakley.com,Female,249.165.181.170,681.23
83,Tracie,Curds,tcurds2a@about.me,Male,212.228.254.70,968.73
84,Cathi,Gorhardt,cgorhardt2b@exblog.jp,Female,217.185.225.242,522.07
85,Raychel,Studholme,rstudholme2c@odnoklassniki.ru,Female,1.61.96.175,8.87
86,Brnaby,Redmond,bredmond2d@example.com,Male,60.130.154.81,960.54
87,Fergus,Haresnaip,fharesnaip2e@jugem.jp,Male,97.191.45.122,468.05
88,Tyler,Serris,tserris2f@java.com,Male,210.0.183.165,133.45
89,Fawn,Calley,fcalley2g@sitemeter.com,Female,105.199.21.87,860.74
90,Gerta,Fairbrass,gfairbrass2h@woothemes.com,Female,14.86.244.69,678.81
91,Duffy,Bennie,dbennie2i@admin.ch,Male,65.150.178.169,449.64
92,Hillary,Hyland,hhyland2j@prlog.org,Female,196.235.11.74,939.61
93,Ophelie,Bigley,obigley2k@home.pl,Female,86.221.240.247,292.23
94,Gene,Raccio,graccio2l@weather.com,Male,138.104.14.30,370.43
95,Brina,McGow,bmcgow2m@wunderground.com,Female,14.154.247.44,81.17
96,Sigfried,Foster-Smith,sfostersmith2n@smh.com.au,Male,182.85.67.187,161.41
97,Charlene,Pashba,cpashba2o@theglobeandmail.com,Female,72.140.172.104,828.62
98,Marsha,Jagels,mjagels2p@cafepress.com,Female,225.72.196.67,903.69
99,Gottfried,Whiting,gwhiting2q@discuz.net,Male,154.46.255.189,952.78
100,Fanni,Zupa,fzupa2r@state.gov,Female,41.224.78.168,99.66
101,Ulric,Pavie,upavie2s@cisco.com,Male,157.163.169.12,927.81
102,Anet,Laidel,alaidel2t@typepad.com,Female,19.27.55.159,28.15
103,Chance,O'Henery,cohenery2u@bloglines.com,Male,192.153.11.230,799.83
104,Dugald,Wewell,dwewell2v@nyu.edu,Male,202.182.33.14,711.98
105,Marylinda,Spilisy,mspilisy2w@linkedin.com,Female,78.217.208.74,429.05
106,Oberon,Dabs,odabs2x@home.pl,Male,138.147.50.52,454.65
107,Lori,Letterese,lletterese2y@networkadvertising.org,Female,4.235.228.52,873.08
108,Valentijn,Ambrosch,vambrosch2z@simplemachines.org,Male,51.186.18.138,102.42
109,Son,Rowaszkiewicz,srowaszkiewicz30@netscape.com,Male,38.141.73.136,567.13
110,Gal,Kenryd,gkenryd31@imageshack.us,Male,73.140.167.202,380.54
111,Alberta,Pund,apund32@google.com.au,Female,199.101.16.250,562.77
112,Dev,Hecks,dhecks33@census.gov,Male,9.23.157.2,792.61
113,Roxane,Joscelin,rjoscelin34@ox.ac.uk,Female,2.255.146.231,580.56
114,Nikolia,Scotter,nscotter35@bigcartel.com,Female,233.106.218.182,88.50
115,Anthony,Gilli,agilli36@sphinn.com,Male,21.202.218.127,39.74
116,Vittoria,Gavrielli,vgavrielli37@wp.com,Female,97.47.239.26,744.23
117,Averell,Fleisch,afleisch38@live.com,Male,11.22.51.66,457.46
118,Marcellus,Laugherane,mlaugherane39@angelfire.com,Male,6.63.15.153,664.32
119,Gabi,Jeanneau,gjeanneau3a@mail.ru,Male,242.75.166.60,413.86
120,Cecilius,MacConnal,cmacconnal3b@microsoft.com,Male,120.183.131.77,151.91
121,Dayna,Edinborough,dedinborough3c@cbslocal.com,Female,130.52.81.79,76.75
122,Beatrix,Ivkovic,bivkovic3d@posterous.com,Female,1.160.63.152,953.22
123,Halimeda,Boast,hboast3e@netvibes.com,Female,81.190.239.43,484.66
124,Tremaine,Dougharty,tdougharty3f@boston.com,Male,160.25.107.208,372.31
125,Pace,Kerford,pkerford3g@sbwire.com,Male,115.240.135.162,85.07
126,Yorgo,Thurske,ythurske3h@utexas.edu,Male,227.50.46.140,308.47
127,Ward,Skep,wskep3i@usda.gov,Male,148.139.38.53,174.11
128,Madlin,Mapes,mmapes3j@squidoo.com,Female,231.190.135.56,431.03
129,Arleyne,Goghin,agoghin3k@over-blog.com,Female,151.91.154.222,743.00
130,Dwain,Brugemann,dbrugemann3l@wisc.edu,Male,164.105.125.236,929.13
131,Frank,Somerfield,fsomerfield3m@hugedomains.com,Male,21.150.244.76,148.22
132,Marnia,Basley,mbasley3n@i2i.jp,Female,150.153.158.242,265.73
133,Andras,Fell,afell3o@shinystat.com,Male,203.8.112.176,487.01
134,Toddy,Twaits,ttwaits3p@sakura.ne.jp,Male,75.117.200.145,760.27
135,Federico,Crees,fcrees3q@plala.or.jp,Male,67.189.113.255,964.54
136,Taddeusz,Hinemoor,thinemoor3r@va.gov,Male,221.200.162.165,458.45
137,Neill,Cinnamond,ncinnamond3s@nps.gov,Male,11.206.208.178,352.85
138,Boothe,Blanpein,bblanpein3t@wufoo.com,Male,152.71.139.107,203.92
139,Martie,Walkling,mwalkling3u@ucsd.edu,Female,207.72.107.29,817.05
140,Atalanta,Pashby,apashby3v@nasa.gov,Female,147.246.126.138,225.86
141,Felipe,Tomblings,ftomblings3w@themeforest.net,Male,122.240.12.241,952.93
142,Abba,Tootin,atootin3x@yellowpages.com,Male,9.197.102.147,913.50
143,William,Olesen,wolesen3y@hatena.ne.jp,Male,117.38.118.198,797.19
144,Claudius,Matusovsky,cmatusovsky3z@virginia.edu,Male,96.1.90.196,843.93
145,Raimundo,Crockley,rcrockley40@homestead.com,Male,24.168.186.121,251.25
146,Liz,Cymper,lcymper41@gnu.org,Female,213.28.191.35,919.36
147,Donia,Atack,datack42@google.cn,Female,220.201.38.71,142.90
148,Ninnetta,Francois,nfrancois43@sphinn.com,Female,82.29.16.204,752.61
149,Elroy,Sprott,esprott44@ezinearticles.com,Male,19.210.254.9,562.46
150,Lettie,Cuddon,lcuddon45@yelp.com,Female,57.74.107.230,658.42
151,Giraud,Meader,gmeader46@miitbeian.gov.cn,Male,23.199.248.111,740.50
152,Allyn,Verrillo,averrillo47@quantcast.com,Male,135.139.226.78,352.41
153,Frannie,Robeson,frobeson48@hatena.ne.jp,Male,132.164.6.80,66.12
154,Gillie,Raeside,graeside49@businesswire.com,Female,58.157.70.229,575.72
155,Boone,Spedding,bspedding4a@lycos.com,Male,246.178.182.230,623.10
156,Fidel,Ebbutt,febbutt4b@storify.com,Male,72.70.149.38,947.19
157,Katherina,Stocken,kstocken4c@time.com,Female,58.14.252.125,840.98
158,Codie,Tallboy,ctallboy4d@goo.gl,Male,10.36.65.124,228.25
159,Zaneta,Bricham,zbricham4e@aboutads.info,Female,177.80.146.70,147.74
160,Ives,Clemmensen,iclemmensen4f@bloomberg.com,Male,131.142.137.69,425.91
161,Andrus,Buchett,abuchett4g@theatlantic.com,Male,113.134.50.75,544.85
162,Annabel,Barnewell,abarnewell4h@nih.gov,Female,7.172.182.20,775.96
163,Odele,Rickerd,orickerd4i@hostgator.com,Female,104.116.5.31,613.17
164,Bettine,Weiss,bweiss4j@ycombinator.com,Female,188.226.118.190,818.22
165,Lannie,Chetwin,lchetwin4k@cbslocal.com,Male,28.14.183.49,582.86
166,Berton,Bottomley,bbottomley4l@facebook.com,Male,66.124.79.164,727.41
167,Avigdor,Cogley,acogley4m@fastcompany.com,Male,250.25.21.101,399.20
168,Nerti,Cosser,ncosser4n@paypal.com,Female,171.70.39.224,103.19
169,Xylia,Lownie,xlownie4o@icio.us,Female,53.171.110.129,945.68
170,Shalne,Abramamovh,sabramamovh4p@mashable.com,Female,140.142.52.210,128.26
171,Hayley,Siward,hsiward4q@admin.ch,Female,231.28.173.50,554.67
172,Welbie,Shackleford,wshackleford4r@cdbaby.com,Male,225.249.164.74,478.44
173,Madelon,Hendrickx,mhendrickx4s@blog.com,Female,59.66.104.32,257.96
174,Arel,Sherrock,asherrock4t@ucoz.ru,Male,218.203.181.169,340.71
175,Annis,Croall,acroall4u@skyrock.com,Female,135.206.217.200,339.38
176,Dorella,Hanson,dhanson4v@businessinsider.com,Female,98.143.115.87,194.10
177,Pierson,Marchi,pmarchi4w@prnewswire.com,Male,175.149.137.89,743.84
178,Marcelline,Bulteel,mbulteel4x@princeton.edu,Female,19.137.163.68,314.49
179,Evelina,Dunton,edunton4y@homestead.com,Female,48.81.3.37,809.43
180,Flin,Emons,femons4z@google.co.uk,Male,45.231.224.209,538.01
181,Sherman,Cahalan,scahalan50@mashable.com,Male,45.241.121.184,52.90
182,Jonathon,Lambeth,jlambeth51@twitter.com,Male,3.76.218.238,150.89
183,Konstantin,Ripley,kripley52@exblog.jp,Male,30.194.97.17,627.20
184,Anabel,MacGilmartin,amacgilmartin53@japanpost.jp,Female,49.209.185.152,545.28
185,Reube,Grimble,rgrimble54@engadget.com,Male,142.165.86.165,156.41
186,Kippy,Kerrod,kkerrod55@scientificamerican.com,Male,190.21.214.53,686.41
187,Gil,Caret,gcaret56@symantec.com,Male,117.47.215.168,414.99
188,Libby,MacAlinden,lmacalinden57@e-recht24.de,Female,5.78.153.187,264.96
189,Hillard,Lowery,hlowery58@narod.ru,Male,230.199.88.43,537.79
190,Thaxter,Kiley,tkiley59@cargocollective.com,Male,7.124.166.71,68.07
191,Ettie,Crady,ecrady5a@mapquest.com,Female,239.69.160.20,897.21
192,Drusie,Clowser,dclowser5b@dropbox.com,Female,133.191.20.225,753.69
193,Corry,Wedlock,cwedlock5c@vinaora.com,Female,24.152.212.205,947.74
194,Remus,Gavrielli,rgavrielli5d@zimbio.com,Male,233.181.201.198,714.74
195,Norrie,Bailey,nbailey5e@marriott.com,Female,146.15.86.63,590.34
196,Hadrian,Ruslen,hruslen5f@i2i.jp,Male,229.255.65.112,191.58
197,Arleen,Fontenot,afontenot5g@ovh.net,Female,1.97.224.29,481.28
198,Auberon,Margery,amargery5h@ask.com,Male,117.138.115.205,479.67
199,Ron,Gatteridge,rgatteridge5i@ox.ac.uk,Male,54.69.123.230,604.30
200,Beck,Titchener,btitchener5j@state.tx.us,Male,120.209.42.224,574.86
201,Suzanna,Puzey,spuzey5k@google.ca,Female,17.11.249.9,176.55
202,Lezley,Deeming,ldeeming5l@joomla.org,Male,179.218.108.104,246.83
203,Karlotte,Tumasian,ktumasian5m@imdb.com,Female,60.82.10.217,97.54
204,Fredrick,Ottee,fottee5n@joomla.org,Male,101.19.193.15,359.16
205,Ingrim,Kinchlea,ikinchlea5o@i2i.jp,Male,20.67.48.13,794.28
206,Berty,Oldcote,boldcote5p@photobucket.com,Female,183.162.220.200,909.20
207,Josephine,Getten,jgetten5q@unesco.org,Female,0.202.229.26,822.91
208,Becky,Turgoose,bturgoose5r@census.gov,Female,183.74.92.136,661.32
209,Humfrid,Childes,hchildes5s@blogspot.com,Male,102.242.23.244,985.10
210,Giorgia,Golder,ggolder5t@washington.edu,Female,58.62.252.120,768.06
211,Vincenty,Gerish,vgerish5u@mozilla.com,Male,172.167.38.191,151.75
212,Joletta,Freeland,jfreeland5v@usda.gov,Female,217.4.24.243,941.23
213,Jory,Fulford,jfulford5w@so-net.ne.jp,Male,205.229.65.125,732.37
214,Shaylynn,Fines,sfines5x@google.co.jp,Female,49.34.230.156,335.90
215,Carrie,Fruser,cfruser5y@springer.com,Female,59.17.159.94,659.52
216,Trace,Mitchener,tmitchener5z@sciencedirect.com,Male,74.148.38.9,460.18
217,Raffarty,Iseton,riseton60@photobucket.com,Male,220.46.203.234,901.19
218,Ally,Bithell,abithell61@netlog.com,Female,6.49.60.145,775.01
219,Nadean,Stockford,nstockford62@hatena.ne.jp,Female,220.8.118.68,831.58
220,Barry,Gitting,bgitting63@ask.com,Female,176.8.195.236,597.51
221,Freemon,Shoppee,fshoppee64@tuttocitta.it,Male,120.187.70.243,80.82
222,Luella,Cocks,lcocks65@naver.com,Female,57.108.190.109,54.44
223,Minor,Gilli,mgilli66@blog.com,Male,142.195.51.212,756.13
224,Dav,Bracer,dbracer67@wunderground.com,Male,144.113.198.132,900.72
225,Haley,Dearn,hdearn68@earthlink.net,Female,96.144.221.133,108.48
226,Randall,Blackborne,rblackborne69@clickbank.net,Male,9.133.154.116,112.86
227,Scarface,Doone,sdoone6a@simplemachines.org,Male,92.164.202.20,127.62
228,Moina,Amphlett,mamphlett6b@simplemachines.org,Female,148.119.96.231,353.80
229,Francesca,De Bischop,fdebischop6c@cbsnews.com,Female,227.196.77.148,741.42
230,Bambi,Gater,bgater6d@squidoo.com,Female,74.249.241.41,758.11
231,Skippy,Hagart,shagart6e@github.io,Male,86.249.27.45,572.79
232,Romonda,Scarrisbrick,rscarrisbrick6f@vk.com,Female,199.221.107.137,530.01
233,Elbertina,Clutterham,eclutterham6g@exblog.jp,Female,35.46.100.185,672.56
234,Aubrey,Nelsey,anelsey6h@tamu.edu,Male,56.81.215.181,675.36
235,Nichole,Bolitho,nbolitho6i@flickr.com,Male,174.38.112.251,55.41
236,Ambros,Iskowicz,aiskowicz6j@bloglines.com,Male,229.179.192.242,768.18
237,Gunther,Chiverstone,gchiverstone6k@jigsy.com,Male,35.123.53.217,788.80
238,Shawn,Fellman,sfellman6l@auda.org.au,Female,29.213.75.138,431.78
239,Alden,Duplan,aduplan6m@epa.gov,Male,201.201.223.206,998.76
240,Berkly,Halligan,bhalligan6n@amazon.de,Male,115.107.113.247,278.68
241,Rayna,Itzkowicz,ritzkowicz6o@wired.com,Female,169.237.183.14,246.30
242,Townie,Thunderman,tthunderman6p@parallels.com,Male,234.52.177.160,620.10
243,Lorenzo,Ferens,lferens6q@cnbc.com,Male,182.112.10.71,408.13
244,Roth,Willwood,rwillwood6r@yale.edu,Male,202.218.8.17,897.76
245,Perry,Birchenough,pbirchenough6s@quantcast.com,Male,145.209.251.46,753.73
246,Kristin,Craythorn,kcraythorn6t@gov.uk,Female,109.129.44.106,569.25
247,Graehme,Rickcord,grickcord6u@prweb.com,Male,136.220.183.102,594.60
248,Janna,Soles,jsoles6v@twitter.com,Female,164.58.71.59,226.78
249,Byran,Western,bwestern6w@digg.com,Male,219.163.108.187,144.86
250,Cliff,Eloi,celoi6x@tuttocitta.it,Male,110.82.3.250,807.03
251,Emelen,Dudney,edudney6y@tripod.com,Male,53.34.156.19,384.51
252,Alexine,Sandever,asandever6z@godaddy.com,Female,40.219.48.146,183.51
253,Sarene,Crickmer,scrickmer70@bluehost.com,Female,130.241.215.42,941.86
254,Rab,Leander,rleander71@xinhuanet.com,Male,146.175.47.83,895.00
255,Bambie,Jozwik,bjozwik72@bing.com,Female,174.18.191.41,835.22
256,Parker,Rama,prama73@tripadvisor.com,Male,25.197.3.51,343.01
257,Tobe,Bassingham,tbassingham74@prnewswire.com,Female,110.53.124.154,777.63
258,Iosep,Pietersma,ipietersma75@vimeo.com,Male,60.158.117.71,590.01
259,Ely,Hartburn,ehartburn76@issuu.com,Male,35.147.249.245,797.19
260,Sheridan,Rappa,srappa77@trellian.com,Male,203.4.139.20,737.65
261,Marylou,Petrazzi,mpetrazzi78@usa.gov,Female,153.114.13.241,619.82
262,Gilbertine,Hinkes,ghinkes79@sohu.com,Female,157.252.102.44,903.87
263,Christoffer,Liddy,cliddy7a@dyndns.org,Male,243.247.171.228,151.56
264,Mile,Hampstead,mhampstead7b@webs.com,Male,99.62.51.40,289.98
265,Veda,Tallent,vtallent7c@tripod.com,Female,79.228.171.147,895.76
266,Gawen,Lattin,glattin7d@amazon.co.jp,Male,192.73.186.203,859.52
267,Edward,Nortunen,enortunen7e@nationalgeographic.com,Male,254.41.26.77,833.61
268,Kaila,Girhard,kgirhard7f@plala.or.jp,Female,131.185.122.222,346.59
269,Leonhard,Bridgeman,lbridgeman7g@unesco.org,Male,130.223.48.151,954.75
270,Boris,Wones,bwones7h@apple.com,Male,5.238.157.165,669.34
271,Aurelie,Mongenot,amongenot7i@eventbrite.com,Female,95.56.192.40,709.46
272,Oralia,Colt,ocolt7j@tinypic.com,Female,190.22.158.252,417.24
273,Sylas,Philippault,sphilippault7k@instagram.com,Male,236.152.129.191,4.95
274,Torre,Hainge,thainge7l@diigo.com,Male,240.168.141.40,580.04
275,Gordy,Reeme,greeme7m@bbb.org,Male,246.90.132.191,920.97
276,Raeann,Dawdary,rdawdary7n@nationalgeographic.com,Female,197.248.145.144,961.94
277,Morty,Brecon,mbrecon7o@army.mil,Male,168.4.55.89,719.59
278,Carmon,Cheek,ccheek7p@alexa.com,Female,251.40.43.165,666.23
279,Bianca,Clymer,bclymer7q@ft.com,Female,122.49.72.83,201.27
280,Shane,Asgodby,sasgodby7r@arstechnica.com,Male,4.207.109.16,277.92
281,Dom,de Villier,ddevillier7s@marriott.com,Male,111.217.96.45,363.73
282,Kent,Kindread,kkindread7t@skype.com,Male,3.203.47.34,655.72
283,Phylis,Cianelli,pcianelli7u@twitpic.com,Female,2.240.205.230,670.00
284,Ken,Mitchell,kmitchell7v@123-reg.co.uk,Male,205.140.73.180,458.98
285,Benjy,Skottle,bskottle7w@nydailynews.com,Male,211.142.242.154,128.06
286,Lind,Wroth,lwroth7x@toplist.cz,Male,73.185.95.233,645.63
287,Rolfe,Smallpiece,rsmallpiece7y@nymag.com,Male,37.224.54.154,658.26
288,Jacquelin,Kolushev,jkolushev7z@microsoft.com,Female,92.44.103.114,584.52
289,Keeley,Deighan,kdeighan80@earthlink.net,Female,196.180.129.35,38.42
290,Chlo,Ure,cure81@icq.com,Female,232.14.85.229,234.87
291,Jacqueline,Hencke,jhencke82@devhub.com,Female,203.180.40.63,708.37
292,Norris,Stiegers,nstiegers83@ezinearticles.com,Male,211.192.54.18,211.45
293,Hermione,Poundford,hpoundford84@unicef.org,Female,220.147.67.33,62.72
294,Tamas,Ramard,tramard85@biglobe.ne.jp,Male,65.98.218.229,446.94
295,Kilian,Sansum,ksansum86@nih.gov,Male,38.189.210.112,933.18
296,Kary,Game,kgame87@diigo.com,Female,56.56.137.222,249.46
297,Averil,Ffrench,affrench88@free.fr,Male,186.3.86.97,604.79
298,Molli,Baal,mbaal89@skype.com,Female,169.164.210.161,704.21
299,Dill,Cheeke,dcheeke8a@purevolume.com,Male,206.59.83.101,792.36
300,Annamaria,Tather,atather8b@newyorker.com,Female,90.63.83.255,443.12
301,Emile,Iannini,eiannini8c@ucoz.com,Male,112.226.70.57,398.94
302,Nappy,Bertl,nbertl8d@wufoo.com,Male,84.121.4.42,615.67
303,Cassaundra,Newcomen,cnewcomen8e@bloglines.com,Female,121.44.178.162,625.49
304,Maxi,Zute,mzute8f@dion.ne.jp,Female,208.31.76.121,671.90
305,Gisella,Basden,gbasden8g@opera.com,Female,173.61.9.129,717.64
306,Graeme,Fillery,gfillery8h@spotify.com,Male,217.80.163.255,217.74
307,Hieronymus,Dalliwater,hdalliwater8i@webmd.com,Male,36.111.245.103,254.66
308,Editha,Buttrum,ebuttrum8j@usnews.com,Female,9.116.222.117,129.15
309,Hobart,Applegarth,happlegarth8k@noaa.gov,Male,240.133.17.49,748.68
310,Glynis,Streader,gstreader8l@blog.com,Female,152.24.77.55,587.80
311,Sheridan,Milborn,smilborn8m@hostgator.com,Male,190.144.79.117,733.15
312,Helaina,Brydone,hbrydone8n@opensource.org,Female,226.206.76.184,216.63
313,Zebedee,Sparry,zsparry8o@multiply.com,Male,8.66.162.154,665.89
314,April,Kydde,akydde8p@columbia.edu,Female,223.193.155.210,179.25
315,Chrysa,Polini,cpolini8q@squidoo.com,Female,160.16.224.116,151.28
316,Woody,Winkett,wwinkett8r@dailymail.co.uk,Male,237.196.95.72,466.57
317,Rene,Foggo,rfoggo8s@pinterest.com,Male,113.220.167.188,543.24
318,Bernarr,Jearum,bjearum8t@networksolutions.com,Male,245.252.179.93,925.33
319,Vannie,MacAvddy,vmacavddy8u@youtube.com,Female,33.123.13.126,700.74
320,Sarette,Maddy,smaddy8v@springer.com,Female,39.2.216.140,412.73
321,Rodie,Jzhakov,rjzhakov8w@myspace.com,Female,198.28.221.232,866.68
322,Taite,Asbury,tasbury8x@biglobe.ne.jp,Male,1.38.99.52,937.80
323,Alfred,McBeth,amcbeth8y@g.co,Male,133.209.160.36,337.93
324,Wylie,Ely,wely8z@exblog.jp,Male,94.234.133.154,729.53
325,Shurwood,Chell,schell90@indiatimes.com,Male,227.9.51.7,483.81
326,Inna,Goodby,igoodby91@who.int,Female,209.170.5.179,229.90
327,Edi,Kleehuhler,ekleehuhler92@rediff.com,Female,7.43.225.38,988.33
328,Cyrill,Heinritz,cheinritz93@marriott.com,Male,87.154.116.107,361.72
329,Niko,Petrosian,npetrosian94@hhs.gov,Male,12.42.181.60,901.71
330,Benedetta,Florez,bflorez95@economist.com,Female,150.83.74.106,548.08
331,Benedicta,Loody,bloody96@microsoft.com,Female,227.252.36.168,507.19
332,Eva,Pesek,epesek97@163.com,Female,183.182.32.130,743.84
333,Millicent,Grzegorczyk,mgrzegorczyk98@nsw.gov.au,Female,211.154.98.138,726.17
334,Madelin,Callow,mcallow99@ehow.com,Female,217.160.26.245,548.14
335,Christina,Faers,cfaers9a@1und1.de,Female,200.218.2.73,887.80
336,Ludovika,Kondratenko,lkondratenko9b@bandcamp.com,Female,91.150.45.79,236.75
337,Mason,Fowgies,mfowgies9c@marriott.com,Male,177.139.173.65,870.38
338,Hilliary,Peyzer,hpeyzer9d@slideshare.net,Female,209.109.19.167,192.70
339,Gaelan,Harnes,gharnes9e@discuz.net,Male,240.19.230.240,765.40
340,Alano,Anfossi,aanfossi9f@nhs.uk,Male,4.179.38.59,488.54
341,Kurt,Calltone,kcalltone9g@weather.com,Male,220.240.141.95,616.67
342,Larissa,Coppard,lcoppard9h@netlog.com,Female,119.166.55.12,389.54
343,Felicia,Rosewarne,frosewarne9i@admin.ch,Female,36.17.86.182,906.70
344,Lexine,Critchlow,lcritchlow9j@privacy.gov.au,Female,215.35.147.19,880.28
345,Royall,Klimes,rklimes9k@ted.com,Male,95.151.208.121,294.94
346,Lawry,Bromell,lbromell9l@cloudflare.com,Male,24.78.230.201,623.41
347,Noam,Kerley,nkerley9m@geocities.jp,Male,140.173.41.173,689.29
348,Katusha,Preedy,kpreedy9n@fastcompany.com,Female,83.149.71.218,418.91
349,Cassy,Robertz,crobertz9o@epa.gov,Female,166.46.219.193,815.43
350,Napoleon,Larkby,nlarkby9p@altervista.org,Male,107.253.26.15,324.45
351,Jorgan,Gourlay,jgourlay9q@unesco.org,Male,218.40.27.87,931.59
352,Jere,Drexel,jdrexel9r@goo.ne.jp,Female,74.252.27.44,845.37
353,Maurene,Roseman,mroseman9s@51.la,Female,204.84.101.126,264.54
354,Baird,Jager,bjager9t@prnewswire.com,Male,107.184.169.87,480.52
355,Ambros,Saura,asaura9u@stanford.edu,Male,253.214.232.115,597.71
356,Golda,Counsell,gcounsell9v@shop-pro.jp,Female,50.33.230.186,422.00
357,Giavani,Domeney,gdomeney9w@kickstarter.com,Male,22.132.120.131,362.40
358,Cassandra,Francklin,cfrancklin9x@homestead.com,Female,175.20.134.249,470.51
359,Aldwin,Wherrett,awherrett9y@mapquest.com,Male,186.77.254.218,324.54
360,Richy,Sher,rsher9z@xinhuanet.com,Male,131.196.68.158,288.37
361,Blancha,O'Dowd,bodowda0@who.int,Female,3.157.187.203,852.40
362,Sheridan,Tesseyman,stesseymana1@bravesites.com,Male,114.145.161.90,981.18
363,Tuckie,Feldmark,tfeldmarka2@tmall.com,Male,31.99.53.154,765.60
364,Shelton,Essberger,sessbergera3@oaic.gov.au,Male,158.118.27.42,816.70
365,Leesa,Andrag,landraga4@sbwire.com,Female,189.94.199.46,253.11
366,Adeline,Margaret,amargareta5@icio.us,Female,84.248.80.12,372.49
367,Rosabella,Bauduccio,rbauduccioa6@thetimes.co.uk,Female,46.131.32.152,652.41
368,Rosamund,Fagge,rfaggea7@livejournal.com,Female,14.148.41.195,324.55
369,Cynthea,Brattell,cbrattella8@cocolog-nifty.com,Female,21.101.18.229,911.49
370,Stavros,Fader,sfadera9@i2i.jp,Male,49.215.17.180,236.68
371,Herb,Bottom,hbottomaa@mozilla.org,Male,64.146.37.17,688.15
372,Octavius,Leal,olealab@yahoo.co.jp,Male,42.174.134.158,800.28
373,Hope,Bruyntjes,hbruyntjesac@github.com,Female,41.176.72.196,374.68
374,Albert,Skaif,askaifad@netscape.com,Male,135.55.140.104,311.89
375,Teresita,Berthelmot,tberthelmotae@hugedomains.com,Female,165.47.200.70,452.94
376,Henri,Simonyi,hsimonyiaf@wufoo.com,Male,156.1.191.94,614.49
377,Alphard,Lawden,alawdenag@fema.gov,Male,36.9.22.1,889.25
378,Kristina,Dunphie,kdunphieah@1und1.de,Female,206.37.244.129,297.71
379,Estele,Pallister,epallisterai@yandex.ru,Female,111.194.3.12,949.79
380,Ethelin,Morden,emordenaj@4shared.com,Female,212.53.137.225,367.62
381,Arvie,Bennellick,abennellickak@123-reg.co.uk,Male,124.93.80.16,879.82
382,Kerwinn,Brewett,kbrewettal@hugedomains.com,Male,88.2.32.143,865.11
383,Reggie,Hallagan,rhallaganam@free.fr,Female,126.107.47.157,822.06
384,Magnum,Antyukhin,mantyukhinan@istockphoto.com,Male,222.159.188.132,738.19
385,Abagail,Fishleigh,afishleighao@purevolume.com,Female,36.72.72.38,271.90
386,Agatha,Allon,aallonap@example.com,Female,226.153.117.168,300.32
387,Alano,Burgwyn,aburgwynaq@gravatar.com,Male,49.177.10.102,849.01
388,Lizzie,Sheppey,lsheppeyar@is.gd,Female,189.221.89.10,329.45
389,Galvin,Olensby,golensbyas@uol.com.br,Male,251.188.174.6,737.14
390,Chrysa,Bosnell,cbosnellat@technorati.com,Female,188.88.127.187,596.55
391,Gussy,Nott,gnottau@booking.com,Female,213.160.73.33,392.64
392,Mady,Perrygo,mperrygoav@nsw.gov.au,Female,95.135.136.37,253.19
393,Inga,Parlatt,iparlattaw@lulu.com,Female,73.237.15.103,748.82
394,Beryle,Fosdyke,bfosdykeax@cornell.edu,Female,193.3.214.111,367.58
395,Micky,Vell,mvellay@cnet.com,Female,162.182.150.244,10.53
396,Waldo,Martini,wmartiniaz@wp.com,Male,173.127.41.153,155.68
397,Lavena,Smallpiece,lsmallpieceb0@gov.uk,Female,95.254.77.92,533.28
398,Catarina,Topley,ctopleyb1@qq.com,Female,54.28.253.73,355.51
399,Lyndy,Drife,ldrifeb2@nps.gov,Female,198.202.196.82,33.83
400,Alonso,Tadgell,atadgellb3@amazon.com,Male,118.242.149.178,15.22
401,Gorden,Galilee,ggalileeb4@nbcnews.com,Male,16.98.34.90,764.22
402,Birdie,Castangia,bcastangiab5@youtube.com,Female,174.53.127.206,444.83
403,Aldis,Gledstane,agledstaneb6@blinklist.com,Male,131.221.176.57,342.65
404,Lars,Tumielli,ltumiellib7@buzzfeed.com,Male,46.31.154.9,678.22
405,Nerta,Wolfit,nwolfitb8@wp.com,Female,168.131.230.158,233.44
406,Denny,Carrol,dcarrolb9@state.gov,Male,68.167.241.70,585.20
407,Shelia,McKue,smckueba@live.com,Female,250.191.242.64,146.61
408,Lowe,Eggle,legglebb@foxnews.com,Male,70.89.30.206,745.25
409,Fletcher,Choat,fchoatbc@dot.gov,Male,218.129.212.162,139.36
410,Sherilyn,Hamberston,shamberstonbd@squarespace.com,Female,75.198.126.192,431.68
411,Clementius,Lukehurst,clukehurstbe@delicious.com,Male,247.89.254.136,829.83
412,Waiter,Cruz,wcruzbf@boston.com,Male,217.167.97.98,237.80
413,Angelo,Marney,amarneybg@columbia.edu,Male,183.41.138.30,381.60
414,Kristy,McPartlin,kmcpartlinbh@tmall.com,Female,143.43.25.128,104.52
415,Corette,MacGee,cmacgeebi@wordpress.org,Female,162.127.55.168,335.18
416,Jameson,Noke,jnokebj@taobao.com,Male,221.200.86.164,704.56
417,Nap,Berth,nberthbk@reuters.com,Male,38.126.24.107,68.78
418,Nathaniel,Wilfing,nwilfingbl@businessinsider.com,Male,208.97.162.35,684.45
419,Waverley,Cosely,wcoselybm@cdbaby.com,Male,175.220.36.20,175.54
420,Joshuah,Makinson,jmakinsonbn@irs.gov,Male,13.114.217.32,140.60
421,Dunn,Blakelock,dblakelockbo@oracle.com,Male,72.191.216.200,750.27
422,Mirna,Gorriessen,mgorriessenbp@dailymotion.com,Female,85.180.144.28,230.03
423,Edgar,Yannikov,eyannikovbq@php.net,Male,245.142.96.248,741.87
424,Loren,Spaduzza,lspaduzzabr@biblegateway.com,Female,165.146.92.98,344.90
425,Anjanette,Crowther,acrowtherbs@ehow.com,Female,97.164.171.42,307.01
426,Gerek,Rosier,grosierbt@unesco.org,Male,91.46.188.112,286.11
427,Bogart,Spriggs,bspriggsbu@boston.com,Male,38.116.163.215,321.07
428,Valli,Seth,vsethbv@spiegel.de,Female,9.89.243.211,975.70
429,Iain,Winch,iwinchbw@feedburner.com,Male,44.120.129.199,94.25
430,Ami,Catherine,acatherinebx@bizjournals.com,Female,240.173.195.108,945.59
431,Francesca,Terrey,fterreyby@biglobe.ne.jp,Female,188.41.90.207,443.88
432,Keefe,Butcher,kbutcherbz@uiuc.edu,Male,126.242.241.81,839.78
433,Kailey,Newell,knewellc0@tamu.edu,Female,182.47.22.48,902.13
434,Innis,Hunstone,ihunstonec1@vimeo.com,Male,61.41.169.247,297.10
435,Jami,Blaxland,jblaxlandc2@engadget.com,Female,225.171.151.196,119.48
436,Caresa,Wildish,cwildishc3@nbcnews.com,Female,192.195.50.106,887.28
437,Quinn,Risom,qrisomc4@flickr.com,Male,151.165.3.11,982.30
438,Annette,Radke,aradkec5@nymag.com,Female,164.254.222.41,682.48
439,Gilbertina,Berrecloth,gberreclothc6@theatlantic.com,Female,7.65.193.126,373.49
440,Gwyn,McCluin,gmccluinc7@mit.edu,Female,140.234.248.208,227.80
441,Ronnie,Dawson,rdawsonc8@hud.gov,Female,89.216.173.45,905.98
442,Joshia,Kloska,jkloskac9@apache.org,Male,147.48.14.105,928.01
443,Elvera,Nacey,enaceyca@earthlink.net,Female,21.127.71.200,1.44
444,Edik,Vasyutichev,evasyutichevcb@w3.org,Male,222.114.48.150,538.95
445,Verine,Culpan,vculpancc@cnn.com,Female,6.248.90.175,947.03
446,Ray,Warnes,rwarnescd@flickr.com,Female,225.232.168.82,430.50
447,Austine,Thorpe,athorpece@arstechnica.com,Female,26.250.52.219,796.09
448,Rea,Groveham,rgrovehamcf@europa.eu,Female,106.90.47.114,771.61
449,Blayne,Choake,bchoakecg@geocities.jp,Male,164.115.0.42,321.85
450,Raoul,Lamers,rlamersch@squidoo.com,Male,111.52.134.180,376.62
451,Diena,Deaton,ddeatonci@tmall.com,Female,246.18.72.151,692.29
452,Biron,Pavolini,bpavolinicj@sciencedaily.com,Male,95.164.144.157,2.78
453,Agnella,Fortnon,afortnonck@amazon.co.uk,Female,124.182.200.186,194.12
454,Chip,Lithgow,clithgowcl@hc360.com,Male,80.29.31.55,795.43
455,Lonny,Bullers,lbullerscm@chron.com,Male,103.212.89.60,361.38
456,Sadella,Ham,shamcn@techcrunch.com,Female,167.78.158.219,373.62
457,Annecorinne,Bladder,abladderco@ft.com,Female,131.232.152.27,701.67
458,Evania,Siddens,esiddenscp@edublogs.org,Female,101.167.95.5,466.01
459,Noellyn,Florence,nflorencecq@sohu.com,Female,83.6.146.172,968.72
460,Allix,Drinan,adrinancr@tmall.com,Female,220.88.6.217,610.29
461,Dorene,Broadnicke,dbroadnickecs@drupal.org,Female,57.190.192.93,953.30
462,Lia,Maw,lmawct@patch.com,Female,151.109.21.36,985.44
463,Garv,Spitaro,gspitarocu@cnbc.com,Male,75.61.189.47,219.01
464,Andonis,Dicks,adickscv@skype.com,Male,237.21.137.20,2.82
465,Jody,Thomazet,jthomazetcw@sakura.ne.jp,Male,202.22.255.69,544.88
466,Pearle,Burhill,pburhillcx@illinois.edu,Female,118.160.117.183,289.72
467,Betteanne,Swynley,bswynleycy@issuu.com,Female,242.176.224.145,401.97
468,Luca,Cerro,lcerrocz@jimdo.com,Male,172.136.35.18,248.65
469,Mona,Francois,mfrancoisd0@amazon.de,Female,111.48.240.146,154.09
470,Yehudit,Pilling,ypillingd1@mayoclinic.com,Male,231.153.197.98,929.77
471,Celine,Shannahan,cshannahand2@google.co.uk,Female,255.39.226.33,408.48
472,Cookie,Blethyn,cblethynd3@joomla.org,Female,156.101.140.58,818.85
473,Andres,Seamark,aseamarkd4@hostgator.com,Male,252.187.55.100,899.18
474,Haley,Sloss,hslossd5@wufoo.com,Male,27.199.243.177,42.38
475,Loretta,Olyfat,lolyfatd6@webeden.co.uk,Female,129.79.108.165,953.09
476,Didi,Scarasbrick,dscarasbrickd7@vistaprint.com,Female,208.18.155.203,417.84
477,Winifield,Griniov,wgriniovd8@infoseek.co.jp,Male,143.54.2.220,148.73
478,Svend,Clubley,sclubleyd9@cnbc.com,Male,47.8.230.115,499.04
479,Marietta,Chuter,mchuterda@cyberchimps.com,Male,121.241.191.255,896.13
480,Twyla,Liddel,tliddeldb@paypal.com,Female,70.119.161.245,611.05
481,Terrence,Wallbutton,twallbuttondc@fotki.com,Male,202.2.204.129,246.07
482,Nicolle,Bedding,nbeddingdd@ehow.com,Female,209.203.123.40,708.02
483,Marlane,Fincham,mfinchamde@wikimedia.org,Female,177.137.22.223,670.56
484,Jarrid,Forshaw,jforshawdf@cdc.gov,Male,126.241.220.170,31.17
485,Jimmie,Ferrick,jferrickdg@instagram.com,Male,107.12.86.236,611.96
486,Krista,Etherson,kethersondh@cafepress.com,Female,144.47.61.179,645.16
487,Cynde,Prozescky,cprozesckydi@arizona.edu,Female,105.67.88.32,795.11
488,Gasparo,Karpenko,gkarpenkodj@comcast.net,Male,206.204.152.225,403.69
489,Adriano,Ashment,aashmentdk@yale.edu,Male,73.223.168.61,696.94
490,Cornie,Mocher,cmocherdl@ed.gov,Male,55.112.219.12,321.82
491,Allin,Eliyahu,aeliyahudm@ning.com,Male,122.199.109.225,207.82
492,Garek,Rentz,grentzdn@qq.com,Male,251.134.240.73,947.89
493,Goraud,Bough,gboughdo@nasa.gov,Male,156.198.240.28,170.03
494,Sylas,Locock,slocockdp@opera.com,Male,96.158.24.227,59.31
495,Codie,Fyndon,cfyndondq@cafepress.com,Female,141.157.136.77,366.04
496,Padraic,Parvin,pparvindr@google.co.uk,Male,28.37.68.217,815.54
497,Sena,Lavers,slaversds@technorati.com,Female,237.57.148.111,120.88
498,Thane,Shord,tshorddt@delicious.com,Male,56.221.58.6,474.06
499,Obediah,Dowse,odowsedu@utexas.edu,Male,137.106.23.10,114.15
500,Diane-marie,Creus,dcreusdv@quantcast.com,Female,18.237.194.151,447.22
501,Anett,Connechy,aconnechydw@behance.net,Female,189.209.70.74,150.31
502,Ingemar,Bichener,ibichenerdx@csmonitor.com,Male,86.106.124.94,88.41
503,Karoly,Hambidge,khambidgedy@goodreads.com,Female,205.186.172.106,845.55
504,Cthrine,Prisk,cpriskdz@nasa.gov,Female,214.99.33.165,46.43
505,Lona,Augur,laugure0@typepad.com,Female,250.229.245.31,721.25
506,Ellwood,Ginn,eginne1@nifty.com,Male,69.206.29.130,259.00
507,Zuzana,Bengtson,zbengtsone2@github.com,Female,103.65.134.14,929.67
508,Jen,Stollenberg,jstollenberge3@slate.com,Female,36.237.229.166,770.47
509,Wilona,Casol,wcasole4@wired.com,Female,109.146.7.202,338.49
510,Nona,Wolfit,nwolfite5@shutterfly.com,Female,13.216.17.141,231.71
511,Juliann,Kalaher,jkalahere6@usgs.gov,Female,194.191.51.243,288.94
512,Maximilien,Blaxeland,mblaxelande7@blog.com,Male,12.160.226.124,269.08
513,Wernher,Peschet,wpeschete8@bbb.org,Male,11.98.179.23,340.62
514,Jeanie,Crossman,jcrossmane9@diigo.com,Female,204.87.10.78,510.98
515,Mildrid,Crocket,mcrocketea@qq.com,Female,83.165.112.124,598.21
516,Lane,Germon,lgermoneb@sakura.ne.jp,Male,93.44.56.179,431.84
517,Lowrance,Meeking,lmeekingec@nydailynews.com,Male,246.179.33.131,96.51
518,Tisha,Gradley,tgradleyed@netscape.com,Female,71.193.112.93,889.66
519,Brien,Phethean,bphetheanee@tiny.cc,Male,121.188.241.100,775.04
520,Jeffrey,Dommerque,jdommerqueef@bizjournals.com,Male,240.221.215.48,211.97
521,James,Klyner,jklynereg@freewebs.com,Male,212.57.206.42,764.82
522,Vito,Ertelt,vertelteh@earthlink.net,Male,36.224.107.180,866.61
523,Harp,Shanley,hshanleyei@dot.gov,Male,45.108.117.175,268.12
524,Ilario,Torn,itornej@thetimes.co.uk,Male,15.181.161.169,704.00
525,Ilene,Haberjam,ihaberjamek@cdc.gov,Female,0.26.195.86,613.91
526,Goddart,Monget,gmongetel@mashable.com,Male,195.181.47.151,379.82
527,Vance,Soames,vsoamesem@soundcloud.com,Male,39.139.226.100,53.37
528,Charley,Whall,cwhallen@globo.com,Male,178.91.46.74,408.84
529,Raimund,Uccelli,ruccellieo@stumbleupon.com,Male,66.229.78.214,54.36
530,Oby,Bissiker,obissikerep@pcworld.com,Male,99.62.187.185,803.41
531,Seka,Docksey,sdockseyeq@ucla.edu,Female,5.9.25.143,506.74
532,Liz,Sedgman,lsedgmaner@smh.com.au,Female,90.121.111.128,714.85
533,Larine,Keitch,lkeitches@ovh.net,Female,146.105.174.42,854.42
534,Herb,Dunkerk,hdunkerket@pinterest.com,Male,210.238.113.49,807.80
535,Keelia,Brack,kbrackeu@gmpg.org,Female,55.73.49.203,221.76
536,Niles,Mew,nmewev@who.int,Male,77.237.109.237,482.38
537,Luigi,Hathwood,lhathwoodew@wufoo.com,Male,203.30.56.244,941.88
538,Antonetta,Dykes,adykesex@virginia.edu,Female,139.231.5.227,590.94
539,Freddi,Collick,fcollickey@w3.org,Female,0.6.46.192,168.91
540,Gabbie,Bowdery,gbowderyez@discovery.com,Female,92.93.60.64,386.11
541,Candide,Beake,cbeakef0@cisco.com,Female,231.200.2.240,889.58
542,Lezley,Airey,laireyf1@1und1.de,Male,186.106.69.40,275.72
543,Ginger,Goodin,ggoodinf2@is.gd,Male,255.81.43.22,555.64
544,Letta,Urry,lurryf3@taobao.com,Female,158.122.19.52,735.79
545,Bronnie,Alenov,balenovf4@cbsnews.com,Male,77.92.55.100,201.66
546,Ivar,Gilfoy,igilfoyf5@ibm.com,Male,204.162.187.193,934.82
547,Stanfield,Doud,sdoudf6@webmd.com,Male,214.208.64.36,927.05
548,Bennie,McDougall,bmcdougallf7@alibaba.com,Female,228.131.243.209,27.89
549,Lock,Malenfant,lmalenfantf8@youtube.com,Male,24.62.2.9,659.41
550,Trudi,Rasmus,trasmusf9@ycombinator.com,Female,177.101.128.214,654.81
551,Rusty,Rickell,rrickellfa@clickbank.net,Male,195.168.134.78,71.66
552,Osmund,Charke,ocharkefb@quantcast.com,Male,92.83.155.66,51.89
553,Andie,Bowerman,abowermanfc@yale.edu,Female,224.225.182.116,74.61
554,Elvis,Glazer,eglazerfd@nsw.gov.au,Male,58.84.114.37,914.22
555,Jennette,Maddison,jmaddisonfe@wikimedia.org,Female,25.192.210.188,498.12
556,Trudi,Andrusyak,tandrusyakff@google.ru,Female,33.221.220.103,583.40
557,Ranee,Addlestone,raddlestonefg@github.com,Female,189.177.146.195,520.08
558,Conney,Stanex,cstanexfh@theglobeandmail.com,Male,9.176.20.46,620.46
559,Helaina,Cruft,hcruftfi@360.cn,Female,153.15.144.179,36.88
560,Moise,Brigg,mbriggfj@mashable.com,Male,5.253.85.96,57.80
561,Zeb,Kellock,zkellockfk@icio.us,Male,24.195.183.76,434.67
562,Sam,Wahncke,swahnckefl@boston.com,Male,86.200.1.41,77.70
563,Rosetta,Juza,rjuzafm@nbcnews.com,Female,39.54.114.34,536.07
564,Timmie,Henningham,thenninghamfn@altervista.org,Female,85.123.38.125,592.47
565,Onofredo,Culshew,oculshewfo@mac.com,Male,244.115.44.43,776.82
566,Daron,Moehle,dmoehlefp@comsenz.com,Male,14.248.215.210,313.67
567,Barnie,Tilney,btilneyfq@slashdot.org,Male,229.23.242.142,969.65
568,Durward,Colleer,dcolleerfr@sbwire.com,Male,143.232.178.189,784.26
569,Diego,Inchboard,dinchboardfs@live.com,Male,108.69.230.175,815.16
570,Mattheus,Byer,mbyerft@ca.gov,Male,129.62.36.42,696.32
571,Christophe,Eloi,celoifu@bandcamp.com,Male,173.156.197.222,557.25
572,Wadsworth,Mardy,wmardyfv@diigo.com,Male,56.164.229.68,775.40
573,Nonie,Foster,nfosterfw@photobucket.com,Female,129.220.217.207,525.07
574,Elston,Eagger,eeaggerfx@angelfire.com,Male,9.237.3.216,269.48
575,Demetri,Regglar,dregglarfy@godaddy.com,Male,55.77.131.49,117.72
576,Tammie,Conkie,tconkiefz@google.co.jp,Male,110.162.163.25,580.41
577,Jacquenette,Laverack,jlaverackg0@themeforest.net,Female,53.112.114.6,315.35
578,Siffre,Harder,sharderg1@ifeng.com,Male,209.192.163.229,886.15
579,Gardie,Dorton,gdortong2@mysql.com,Male,217.89.191.21,596.46
580,Verge,Hurll,vhurllg3@amazon.co.uk,Male,38.72.41.183,372.52
581,Nonah,Drinnan,ndrinnang4@homestead.com,Female,122.108.115.160,970.55
582,Marty,Clohessy,mclohessyg5@squidoo.com,Female,214.235.196.109,438.49
583,Otis,Ianitti,oianittig6@pen.io,Male,211.94.0.132,597.42
584,Carce,Dalby,cdalbyg7@photobucket.com,Male,144.77.206.135,954.25
585,Morrie,Phinn,mphinng8@unesco.org,Male,230.199.120.159,226.87
586,Kath,Todman,ktodmang9@tinypic.com,Female,251.68.240.157,492.67
587,Kamillah,Kauffman,kkauffmanga@1688.com,Female,155.251.27.122,389.93
588,Edik,Jacks,ejacksgb@shop-pro.jp,Male,10.129.46.97,659.10
589,Anestassia,Eltone,aeltonegc@mlb.com,Female,195.227.55.154,883.71
590,Charin,Petche,cpetchegd@plala.or.jp,Female,166.86.24.219,997.32
591,Dore,Riccardini,driccardinige@prweb.com,Male,33.59.212.233,930.44
592,Ingaberg,Apps,iappsgf@blogtalkradio.com,Female,132.239.191.218,888.03
593,Claire,Probate,cprobategg@blogtalkradio.com,Female,4.211.147.168,731.48
594,Rikki,Mingard,rmingardgh@bigcartel.com,Male,164.3.205.34,669.61
595,Lissy,Fargher,lfarghergi@altervista.org,Female,111.84.196.66,160.06
596,Sandie,Pendle,spendlegj@fastcompany.com,Female,85.140.159.0,368.76
597,Massimo,Summerbell,msummerbellgk@scientificamerican.com,Male,53.83.238.114,951.96
598,Cosette,Baszniak,cbaszniakgl@wikispaces.com,Female,210.91.184.29,103.91
599,Imelda,Gilluley,igilluleygm@ehow.com,Female,49.99.66.140,7.33
600,Lisetta,Stembridge,lstembridgegn@upenn.edu,Female,223.56.198.39,650.04
601,Gill,Mutch,gmutchgo@eepurl.com,Male,210.52.155.221,832.70
602,Luz,Bridgwater,lbridgwatergp@spiegel.de,Female,113.150.98.113,291.98
603,Shir,Rigolle,srigollegq@china.com.cn,Female,125.22.140.77,961.15
604,Martica,Aukland,mauklandgr@wix.com,Female,143.245.64.30,253.40
605,Liz,Pallant,lpallantgs@apple.com,Female,239.170.182.152,456.41
606,Ferrell,Hounson,fhounsongt@jiathis.com,Male,233.89.178.38,252.95
607,Roberto,Ferras,rferrasgu@devhub.com,Male,244.222.67.81,792.51
608,Sergent,Barnfield,sbarnfieldgv@senate.gov,Male,195.240.44.43,693.65
609,Ethelred,Do,edogw@e-recht24.de,Male,2.119.228.164,977.77
610,Erma,Rakestraw,erakestrawgx@ucla.edu,Female,165.46.153.221,952.28
611,Anne,Liddard,aliddardgy@smh.com.au,Female,40.198.140.242,680.44
612,Legra,Dessaur,ldessaurgz@unesco.org,Female,106.93.118.146,336.60
613,Gray,Dell Casa,gdellcasah0@ucsd.edu,Male,78.107.221.245,285.18
614,Smitty,Kew,skewh1@harvard.edu,Male,173.231.108.127,218.10
615,Orson,McIlvaney,omcilvaneyh2@slashdot.org,Male,104.201.129.63,653.96
616,Nap,O'Driscole,nodriscoleh3@technorati.com,Male,47.88.171.198,615.25
617,Perle,Rowney,prowneyh4@abc.net.au,Female,202.46.88.120,462.64
618,Kimball,Seefeldt,kseefeldth5@marriott.com,Male,128.255.213.78,550.78
619,Rolfe,Murrhardt,rmurrhardth6@squarespace.com,Male,47.49.159.52,562.06
620,Kaitlin,Wybern,kwybernh7@msu.edu,Female,192.195.141.26,74.96
621,Leda,Correa,lcorreah8@tinyurl.com,Female,36.18.10.13,266.77
622,Lorens,Bartosik,lbartosikh9@ca.gov,Male,31.9.136.124,367.25
623,Elbert,Mahy,emahyha@eventbrite.com,Male,32.200.184.221,520.01
624,Heda,Linnard,hlinnardhb@independent.co.uk,Female,7.75.232.10,26.73
625,Ciel,De Malchar,cdemalcharhc@digg.com,Female,111.253.40.159,738.70
626,Leisha,Truelove,ltruelovehd@indiatimes.com,Female,135.90.236.45,812.44
627,Ricky,Laboune,rlabounehe@vistaprint.com,Male,46.252.214.108,667.28
628,Boigie,Treasaden,btreasadenhf@about.me,Male,137.207.182.129,797.00
629,Vera,Just,vjusthg@census.gov,Female,101.136.146.180,302.99
630,Gannie,Amori,gamorihh@sakura.ne.jp,Male,228.61.42.26,580.13
631,Korey,Huban,khubanhi@nyu.edu,Male,128.101.227.135,420.52
632,Sidney,Folan,sfolanhj@simplemachines.org,Male,114.254.148.26,75.57
633,Dmitri,Inchan,dinchanhk@yolasite.com,Male,147.149.41.138,974.40
634,Eran,McPhilip,emcphiliphl@unicef.org,Female,219.242.7.153,134.51
635,Radcliffe,Teape,rteapehm@earthlink.net,Male,237.235.97.225,281.51
636,Daron,Lergan,dlerganhn@nymag.com,Male,105.185.44.104,280.95
637,Edin,Yuryev,eyuryevho@indiegogo.com,Female,5.242.248.24,713.61
638,Fidelio,Clawley,fclawleyhp@marketwatch.com,Male,243.140.123.75,920.18
639,Beniamino,McKaile,bmckailehq@gov.uk,Male,169.239.124.111,49.17
640,Karie,Frede,kfredehr@usatoday.com,Female,156.96.189.27,137.84
641,Karlis,Rouch,krouchhs@ucoz.com,Male,33.167.240.45,84.28
642,Yvon,Vassman,yvassmanht@newyorker.com,Male,0.249.214.175,571.87
643,Merle,Thorns,mthornshu@51.la,Female,242.120.103.67,354.05
644,Winthrop,Leeke,wleekehv@abc.net.au,Male,122.37.22.113,840.39
645,Meredeth,Mewha,mmewhahw@china.com.cn,Male,87.205.30.20,605.34
646,Den,Megarrell,dmegarrellhx@cnbc.com,Male,3.163.52.250,313.48
647,Den,Ashdown,dashdownhy@mapy.cz,Male,193.186.84.32,550.99
648,Hamilton,Giovannoni,hgiovannonihz@amazon.co.jp,Male,180.125.145.47,357.94
649,Sigfrid,McEachern,smceacherni0@ovh.net,Male,249.32.184.13,495.40
650,Jesus,Folder,jfolderi1@chronoengine.com,Male,64.60.85.51,726.21
651,Terri-jo,Mehaffey,tmehaffeyi2@usda.gov,Female,122.27.26.94,723.60
652,Flory,Ledwitch,fledwitchi3@bing.com,Female,165.7.98.192,730.57
653,Leonidas,Matthewson,lmatthewsoni4@blog.com,Male,134.85.96.82,65.93
654,Nancey,Andrews,nandrewsi5@deliciousdays.com,Female,85.77.176.130,611.61
655,Homere,Veryard,hveryardi6@privacy.gov.au,Male,137.0.82.134,452.36
656,Randa,Lebbon,rlebboni7@livejournal.com,Female,61.87.197.188,576.04
657,Whitman,Raffin,wraffini8@skype.com,Male,69.47.71.164,867.38
658,Sharon,Musk,smuski9@cnbc.com,Female,224.105.27.123,887.94
659,Cloris,Mallindine,cmallindineia@linkedin.com,Female,72.96.192.75,241.81
660,Marketa,Rowly,mrowlyib@flickr.com,Female,234.100.239.75,847.20
661,Sly,Marchand,smarchandic@shop-pro.jp,Male,201.156.237.89,766.50
662,Griffin,Plester,gplesterid@marriott.com,Male,228.77.250.224,737.83
663,Nelli,Showell,nshowellie@constantcontact.com,Female,196.65.215.13,59.57
664,Delmar,Kain,dkainif@upenn.edu,Male,69.167.120.196,229.47
665,Skippy,Bisacre,sbisacreig@trellian.com,Male,202.205.126.226,274.71
666,Elberta,Canland,ecanlandih@goodreads.com,Female,169.100.27.163,261.77
667,Davis,Jahn,djahnii@google.ru,Male,75.169.21.20,329.12
668,Luise,Barrasse,lbarrasseij@yelp.com,Female,149.50.145.119,693.24
669,Conrade,Hrycek,chrycekik@a8.net,Male,235.188.175.96,981.17
670,Marybelle,Dennington,mdenningtonil@cloudflare.com,Female,121.93.148.182,151.65
671,Lalo,Avramov,lavramovim@moonfruit.com,Male,242.226.91.75,992.65
672,Tad,Fabler,tfablerin@dell.com,Male,77.130.161.27,475.57
673,Any,Gantzer,agantzerio@booking.com,Male,147.135.71.59,631.44
674,Laurette,Fermer,lfermerip@fastcompany.com,Female,26.175.230.29,998.43
675,Ericka,Bourrel,ebourreliq@exblog.jp,Female,229.232.214.220,196.28
676,Cinnamon,Dulen,cdulenir@state.gov,Female,48.148.126.231,328.71
677,Allister,Fauning,afauningis@apple.com,Male,88.134.102.180,679.23
678,Dyana,MacCallister,dmaccallisterit@people.com.cn,Female,172.23.132.250,915.04
679,Mimi,Jolin,mjoliniu@unicef.org,Female,186.80.77.67,675.23
680,Halie,Cunniff,hcunniffiv@admin.ch,Female,67.114.27.173,483.03
681,Glyn,Gillon,ggilloniw@jalbum.net,Male,228.149.197.168,349.42
682,Othella,Kloser,okloserix@tripadvisor.com,Female,28.225.78.108,960.71
683,Algernon,Mintrim,amintrimiy@amazon.co.uk,Male,7.10.95.216,66.63
684,Corrinne,Streader,cstreaderiz@slate.com,Female,166.236.234.183,169.40
685,Kyla,Wolstenholme,kwolstenholmej0@chronoengine.com,Female,166.200.126.178,940.59
686,Sonnie,Deverale,sdeveralej1@webnode.com,Female,58.130.178.139,443.90
687,Debor,Kausche,dkauschej2@dailymail.co.uk,Female,189.153.100.13,757.01
688,Dasi,Traill,dtraillj3@dmoz.org,Female,125.12.159.99,539.92
689,Piotr,Jzak,pjzakj4@japanpost.jp,Male,36.27.92.202,714.60
690,Hamlen,Ricards,hricardsj5@sphinn.com,Male,161.162.91.255,942.59
691,Hope,Lanchbery,hlanchberyj6@moonfruit.com,Female,23.49.32.130,340.33
692,Vail,Tatters,vtattersj7@myspace.com,Male,149.160.6.51,605.42
693,Mattie,Carcass,mcarcassj8@live.com,Male,240.203.113.3,919.10
694,Jocko,Aspy,jaspyj9@fda.gov,Male,191.138.48.13,94.94
695,Ruby,Scrowby,rscrowbyja@nba.com,Male,197.14.156.228,157.20
696,Addy,Todd,atoddjb@unblog.fr,Male,119.22.166.185,727.30
697,Theresa,Toll,ttolljc@cyberchimps.com,Female,43.14.11.236,388.40
698,Mariel,Gentzsch,mgentzschjd@pinterest.com,Female,166.123.152.42,830.74
699,Leanna,Langton,llangtonje@fema.gov,Female,64.174.55.37,190.79
700,Dallis,Spratley,dspratleyjf@oakley.com,Male,166.176.228.216,287.77
701,Avie,Monaghan,amonaghanjg@shinystat.com,Female,189.229.48.85,527.04
702,Brice,Snap,bsnapjh@ameblo.jp,Male,149.139.22.199,763.96
703,Kristine,Fardy,kfardyji@usatoday.com,Female,103.139.70.164,615.33
704,Karon,Wheldon,kwheldonjj@dailymotion.com,Female,106.56.4.228,338.01
705,Lon,MacSween,lmacsweenjk@ihg.com,Male,45.82.240.54,185.05
706,Mickey,Bastie,mbastiejl@wikipedia.org,Male,185.79.130.124,462.59
707,Winfred,Brocks,wbrocksjm@cloudflare.com,Male,198.66.135.86,2.13
708,Caleb,Moylane,cmoylanejn@youtu.be,Male,239.220.229.25,218.49
709,Arleta,Ehlerding,aehlerdingjo@cargocollective.com,Female,177.22.72.42,734.49
710,Noll,Calcut,ncalcutjp@ox.ac.uk,Male,34.16.83.182,20.16
711,Darby,Kippin,dkippinjq@51.la,Female,101.3.81.2,595.62
712,Allister,Norres,anorresjr@example.com,Male,123.77.6.70,161.26
713,Shandee,Trowl,strowljs@shinystat.com,Female,6.203.76.122,710.64
714,Antonino,Hallam,ahallamjt@house.gov,Male,240.119.16.169,22.17
715,Lia,Quail,lquailju@rambler.ru,Female,215.99.61.182,656.79
716,Kellie,Warmington,kwarmingtonjv@smh.com.au,Female,191.117.135.98,599.47
717,Chiquita,Iskov,ciskovjw@pbs.org,Female,150.15.145.165,380.53
718,Kizzee,Wards,kwardsjx@1688.com,Female,91.88.178.74,793.87
719,Pamelina,Johansson,pjohanssonjy@addtoany.com,Female,250.32.91.77,133.68
720,Sileas,Garron,sgarronjz@shinystat.com,Female,9.12.4.170,764.17
721,Alverta,Pearce,apearcek0@marketwatch.com,Female,240.19.103.149,443.92
722,Chevalier,Lorroway,clorrowayk1@about.me,Male,41.105.120.216,826.33
723,Crosby,Johannesson,cjohannessonk2@wisc.edu,Male,179.179.77.85,110.92
724,Nichole,McRory,nmcroryk3@un.org,Male,27.174.174.48,189.03
725,Conn,Lemar,clemark4@yelp.com,Male,90.228.137.42,112.28
726,Karlee,McCullen,kmccullenk5@yandex.ru,Female,144.69.182.102,105.55
727,Yuri,Redwin,yredwink6@seattletimes.com,Male,207.15.120.114,946.10
728,Wernher,Dalston,wdalstonk7@walmart.com,Male,158.185.6.28,678.28
729,Ronnica,Huske,rhuskek8@hp.com,Female,116.239.188.157,39.43
730,Tommie,Gossington,tgossingtonk9@weebly.com,Female,169.58.246.114,152.64
731,Hi,Pragnell,hpragnellka@dagondesign.com,Male,94.71.226.142,487.03
732,Ravid,Grishakov,rgrishakovkb@xinhuanet.com,Male,160.236.25.128,735.04
733,Alanson,Satterley,asatterleykc@reuters.com,Male,161.196.221.123,561.78
734,Ceciley,Breakey,cbreakeykd@auda.org.au,Female,194.13.171.219,500.78
735,Tan,Haverson,thaversonke@sun.com,Male,172.38.226.68,146.62
736,Corrianne,O'Canavan,cocanavankf@github.io,Female,70.238.71.47,973.34
737,Rowen,Beekman,rbeekmankg@squarespace.com,Male,89.61.107.103,361.66
738,Fredelia,O' Dornan,fodornankh@ezinearticles.com,Female,203.145.131.81,238.06
739,Kev,Antcliff,kantcliffki@jigsy.com,Male,198.245.237.25,882.99
740,Lindsy,Kennifeck,lkennifeckkj@angelfire.com,Female,71.26.64.74,778.18
741,Amandy,Perse,apersekk@aboutads.info,Female,182.84.220.9,156.77
742,Elton,Biasini,ebiasinikl@miibeian.gov.cn,Male,119.187.206.109,889.80
743,Aeriel,de Verson,adeversonkm@ifeng.com,Female,229.144.74.65,50.62
744,Danette,Borrel,dborrelkn@buzzfeed.com,Female,199.133.59.10,11.08
745,Sheff,Barenski,sbarenskiko@nhs.uk,Male,237.202.52.221,161.57
746,Boycie,Kernock,bkernockkp@mtv.com,Male,81.30.178.207,793.84
747,Darnall,McGreil,dmcgreilkq@amazon.co.jp,Male,95.100.201.182,534.83
748,Giordano,Carwithim,gcarwithimkr@photobucket.com,Male,190.83.198.91,560.93
749,Kevan,Vaune,kvauneks@netlog.com,Male,239.231.48.168,802.92
750,Gaylor,Doggart,gdoggartkt@domainmarket.com,Male,58.225.133.58,141.79
751,Jaimie,Fitkin,jfitkinku@bravesites.com,Male,195.75.57.123,499.67
752,Radcliffe,Burtt,rburttkv@jimdo.com,Male,20.73.32.66,787.56
753,Florenza,Izon,fizonkw@sciencedirect.com,Female,232.76.52.182,958.42
754,Etheline,Jozwik,ejozwikkx@bbb.org,Female,192.244.23.2,249.21
755,Rowland,Sayward,rsaywardky@narod.ru,Male,203.106.191.223,665.81
756,Mersey,Baroche,mbarochekz@ibm.com,Female,60.240.173.254,980.43
757,Silas,Grimestone,sgrimestonel0@prnewswire.com,Male,177.80.222.125,867.27
758,Matias,Wardlow,mwardlowl1@prweb.com,Male,39.229.56.77,770.91
759,Georgena,Hefford,gheffordl2@chronoengine.com,Female,105.95.68.83,966.54
760,Stavro,Mariolle,smariollel3@ocn.ne.jp,Male,119.170.217.154,232.90
761,Elisha,Pietrowicz,epietrowiczl4@scientificamerican.com,Male,31.196.12.250,139.34
762,Lizabeth,Stuehmeier,lstuehmeierl5@cnet.com,Female,178.171.21.224,663.63
763,Elinor,Heal,eheall6@stanford.edu,Female,184.58.3.71,411.61
764,Devlen,Waller-Bridge,dwallerbridgel7@amazon.co.uk,Male,55.85.0.241,396.77
765,Tabatha,Tassell,ttasselll8@addtoany.com,Female,125.60.112.20,601.33
766,Katrina,Brownsword,kbrownswordl9@wiley.com,Female,124.243.112.54,730.86
767,Evvie,Dunnet,edunnetla@furl.net,Female,141.137.126.14,278.60
768,Deane,McGrale,dmcgralelb@4shared.com,Male,143.181.130.145,643.55
769,Baxie,Gardiner,bgardinerlc@zdnet.com,Male,173.196.184.138,621.96
770,Geordie,Aldin,galdinld@yelp.com,Male,143.225.15.141,425.59
771,Berrie,Riddel,briddelle@php.net,Female,50.111.218.111,488.28
772,Elaina,Metcalf,emetcalflf@nydailynews.com,Female,253.9.225.69,928.91
773,Rockey,Dohms,rdohmslg@twitpic.com,Male,73.37.59.34,56.21
774,Nataniel,Hazelden,nhazeldenlh@bravesites.com,Male,87.160.51.175,316.95
775,Juana,Niles,jnilesli@huffingtonpost.com,Female,87.153.121.75,327.44
776,Claribel,Hyam,chyamlj@cbc.ca,Female,172.82.30.236,574.87
777,Robert,Benbrick,rbenbricklk@si.edu,Male,21.255.185.222,260.64
778,Dan,Togher,dtogherll@fema.gov,Male,149.230.86.221,67.40
779,Caddric,De Nisco,cdeniscolm@livejournal.com,Male,130.195.25.249,669.53
780,Joyann,Callaby,jcallabyln@fastcompany.com,Female,208.23.242.71,787.59
781,Jasun,Pike,jpikelo@weebly.com,Male,158.215.168.200,166.09
782,Delano,Cotman,dcotmanlp@behance.net,Male,71.58.234.214,579.99
783,Angel,Gwillyam,agwillyamlq@independent.co.uk,Male,247.88.52.252,206.81
784,Adrien,Shepley,ashepleylr@unesco.org,Male,206.105.67.128,388.78
785,Demetrius,Bound,dboundls@businessweek.com,Male,143.187.237.82,315.13
786,Marquita,McCloughlin,mmccloughlinlt@flavors.me,Female,73.27.214.233,190.49
787,Nickey,Reedie,nreedielu@mysql.com,Male,223.154.84.16,417.55
788,Ellis,Miere,emierelv@dot.gov,Male,84.199.232.200,929.93
789,Simonette,Cambell,scambelllw@goo.gl,Female,97.247.105.136,469.68
790,Hannis,Heinzel,hheinzellx@php.net,Female,234.162.72.237,244.65
791,Judas,Adlard,jadlardly@shop-pro.jp,Male,141.115.110.124,365.28
792,Marty,Cadd,mcaddlz@wordpress.com,Male,199.167.143.79,34.67
793,Kenon,Colbert,kcolbertm0@dailymotion.com,Male,20.57.204.148,944.74
794,Freida,Smithen,fsmithenm1@latimes.com,Female,230.56.63.181,495.99
795,Rene,Nordass,rnordassm2@wiley.com,Female,25.170.40.38,996.20
796,James,Mayhow,jmayhowm3@newsvine.com,Male,121.196.13.148,732.79
797,Bernard,Pringer,bpringerm4@blogger.com,Male,104.153.244.62,124.24
798,Cy,Pieroni,cpieronim5@reddit.com,Male,105.135.118.119,683.80
799,Major,Stolworthy,mstolworthym6@mail.ru,Male,41.54.97.115,663.85
800,Darci,Moehler,dmoehlerm7@google.co.jp,Female,27.82.202.101,272.67
801,Richmound,Santello,rsantellom8@stumbleupon.com,Male,146.152.122.39,564.09
802,Mickey,Selborne,mselbornem9@wix.com,Male,32.33.189.144,75.94
803,Cleo,Pardon,cpardonma@fotki.com,Female,48.64.38.88,458.91
804,Elias,Culbert,eculbertmb@oaic.gov.au,Male,250.229.184.158,742.24
805,Marcello,Puckring,mpuckringmc@foxnews.com,Male,201.130.169.193,900.26
806,Leontine,Fowlestone,lfowlestonemd@cmu.edu,Female,13.77.144.155,493.86
807,Ole,Keggins,okegginsme@yale.edu,Male,48.72.224.90,714.50
808,Brinna,Lancett,blancettmf@wordpress.org,Female,52.244.35.241,345.49
809,Timothy,Yewdall,tyewdallmg@feedburner.com,Male,82.50.105.237,94.67
810,Craggie,Sandy,csandymh@topsy.com,Male,121.84.160.83,727.28
811,Gaylor,Shewan,gshewanmi@barnesandnoble.com,Male,40.183.49.120,306.43
812,Brady,Stokoe,bstokoemj@ustream.tv,Male,169.52.205.160,251.07
813,Isabeau,Mullard,imullardmk@cam.ac.uk,Female,165.75.64.203,767.71
814,Freddie,Tayspell,ftayspellml@delicious.com,Male,127.202.113.205,436.17
815,Mortimer,Yousef,myousefmm@cbslocal.com,Male,217.78.240.181,171.61
816,Jacki,Readhead,jreadheadmn@dell.com,Female,117.79.35.98,454.73
817,Benjy,Bernardoni,bbernardonimo@friendfeed.com,Male,167.170.233.66,924.27
818,Othelia,Dickinson,odickinsonmp@ucsd.edu,Female,6.185.237.231,382.15
819,Gustaf,Sander,gsandermq@patch.com,Male,157.61.84.225,518.84
820,Herman,Bostock,hbostockmr@loc.gov,Male,6.205.225.184,521.71
821,Duff,Hurley,dhurleyms@opera.com,Male,186.190.198.81,857.61
822,Carson,Begin,cbeginmt@php.net,Male,60.103.95.17,50.48
823,Idette,Seath,iseathmu@paypal.com,Female,156.111.48.204,902.92
824,Burg,Peert,bpeertmv@mail.ru,Male,38.175.14.34,921.40
825,Thaddus,Oldroyde,toldroydemw@unesco.org,Male,107.6.145.7,178.58
826,Shermy,Braams,sbraamsmx@state.tx.us,Male,61.178.183.155,785.14
827,Valentina,Roscoe,vroscoemy@gravatar.com,Female,190.132.196.236,268.91
828,Joe,Bidgood,jbidgoodmz@clickbank.net,Male,53.123.231.247,830.46
829,Carrie,Claffey,cclaffeyn0@cbsnews.com,Female,28.162.128.181,177.08
830,Gus,McKeaveney,gmckeaveneyn1@jugem.jp,Male,165.90.121.109,266.53
831,Lisette,Stawell,lstawelln2@tuttocitta.it,Female,158.115.223.254,728.56
832,Piper,Mateus,pmateusn3@edublogs.org,Female,140.183.123.43,856.53
833,Gladys,Ferreres,gferreresn4@indiegogo.com,Female,179.209.72.230,631.88
834,Trisha,Maruska,tmaruskan5@youtu.be,Female,46.207.159.135,352.05
835,Isabelle,Klyner,iklynern6@photobucket.com,Female,213.156.86.87,545.85
836,Yvor,Eddow,yeddown7@cocolog-nifty.com,Male,126.62.241.44,787.74
837,Bekki,Smoth,bsmothn8@cdc.gov,Female,119.76.251.18,603.78
838,Thaxter,Ogan,togann9@deviantart.com,Male,97.108.214.150,274.28
839,Chaim,De Blasi,cdeblasina@google.cn,Male,7.113.216.244,52.98
840,Helyn,Bleyman,hbleymannb@weebly.com,Female,125.31.85.21,789.84
841,Shirlee,Moulsdale,smoulsdalenc@instagram.com,Female,244.132.42.166,194.46
842,Sabrina,Creed,screednd@networksolutions.com,Female,205.240.168.154,507.01
843,Lemuel,Muselli,lmuselline@mayoclinic.com,Male,155.242.62.131,699.06
844,Georgetta,Guarin,gguarinnf@sitemeter.com,Female,92.230.192.245,635.46
845,Felice,Coughtrey,fcoughtreyng@nature.com,Female,7.13.154.38,557.43
846,Milt,Drever,mdrevernh@dagondesign.com,Male,197.58.141.148,252.74
847,Frank,Clell,fclellni@ifeng.com,Female,83.221.162.65,802.37
848,Shell,Tollady,stolladynj@google.de,Male,135.186.241.231,495.80
849,Gavin,Axelby,gaxelbynk@miitbeian.gov.cn,Male,94.250.8.21,744.91
850,Minni,Kuschek,mkuscheknl@senate.gov,Female,132.73.218.78,866.23
851,Jsandye,Konerding,jkonerdingnm@earthlink.net,Female,66.27.172.149,392.25
852,Pinchas,Forst,pforstnn@intel.com,Male,64.195.77.166,518.93
853,Fields,Navarro,fnavarrono@illinois.edu,Male,85.244.53.236,798.61
854,Gerri,Worstall,gworstallnp@myspace.com,Male,145.99.75.194,162.53
855,Izzy,Latus,ilatusnq@boston.com,Male,234.15.173.162,88.41
856,Raven,Ilyasov,rilyasovnr@economist.com,Female,182.105.149.104,574.54
857,Rodrick,Headings,rheadingsns@vkontakte.ru,Male,71.126.228.42,871.63
858,Amie,Cossey,acosseynt@google.com,Female,62.240.166.167,489.81
859,Orelie,Juste,ojustenu@flavors.me,Female,188.250.20.178,887.08
860,Byran,Redferne,bredfernenv@buzzfeed.com,Male,83.174.155.102,565.75
861,Delores,Dayes,ddayesnw@mtv.com,Female,155.151.187.116,303.75
862,Craig,Fanner,cfannernx@arizona.edu,Male,20.46.249.130,233.14
863,Zarah,Zammett,zzammettny@telegraph.co.uk,Female,252.84.215.218,829.62
864,Kiel,Wissbey,kwissbeynz@examiner.com,Male,197.116.39.250,82.61
865,Colver,Moyce,cmoyceo0@nytimes.com,Male,53.85.246.165,784.37
866,Cthrine,Bloan,cbloano1@hostgator.com,Female,63.15.224.130,264.55
867,Lorrie,Jakolevitch,ljakolevitcho2@ucoz.com,Male,242.64.255.159,285.08
868,Willis,Semrad,wsemrado3@harvard.edu,Male,132.4.56.242,473.63
869,Emalee,Pendlenton,ependlentono4@uol.com.br,Female,248.47.45.8,549.51
870,Roy,Lawfull,rlawfullo5@sphinn.com,Male,132.89.68.84,499.79
871,Jamaal,Castelluzzi,jcastelluzzio6@irs.gov,Male,125.82.172.247,692.19
872,Drugi,Hickford,dhickfordo7@npr.org,Male,226.113.182.192,414.20
873,Sutton,Brunton,sbruntono8@simplemachines.org,Male,72.209.29.128,454.66
874,Bili,Screech,bscreecho9@baidu.com,Female,68.48.42.66,3.44
875,Adey,Knight,aknightoa@msu.edu,Female,3.166.22.242,245.95
876,Giacopo,Louder,glouderob@ucla.edu,Male,3.202.203.157,76.50
877,Valentijn,Manchett,vmanchettoc@theatlantic.com,Male,225.228.89.108,553.21
878,Adan,Crimmins,acrimminsod@samsung.com,Male,242.47.247.191,688.35
879,Gwendolyn,Skippings,gskippingsoe@flavors.me,Female,53.33.18.199,119.87
880,Roderigo,Merry,rmerryof@gravatar.com,Male,16.12.99.231,211.91
881,Willette,Searchwell,wsearchwellog@sohu.com,Female,137.104.48.71,675.96
882,Kippar,Willison,kwillisonoh@cmu.edu,Male,51.39.109.9,72.39
883,Ilario,Willingham,iwillinghamoi@edublogs.org,Male,195.20.71.128,893.63
884,Federico,Pietasch,fpietaschoj@springer.com,Male,170.244.216.126,835.05
885,Milena,Championnet,mchampionnetok@deviantart.com,Female,255.212.108.78,798.35
886,Kai,Keeting,kkeetingol@skyrock.com,Female,71.189.180.47,103.27
887,Cal,Howel,chowelom@earthlink.net,Male,162.247.180.206,599.22
888,Ardith,Groarty,agroartyon@slate.com,Female,111.104.247.201,732.22
889,Paula,Mound,pmoundoo@cbslocal.com,Female,156.181.189.123,312.38
890,Marlo,Fery,mferyop@xing.com,Female,222.118.46.2,810.20
891,Cobby,De Pero,cdeperooq@bandcamp.com,Male,198.128.20.40,986.03
892,Ahmad,Awcoate,aawcoateor@mapquest.com,Male,10.161.250.54,387.65
893,Bernard,Verny,bvernyos@taobao.com,Male,34.55.62.161,790.60
894,Aharon,Raubheim,araubheimot@businessinsider.com,Male,168.138.120.175,228.94
895,Adaline,Richly,arichlyou@jiathis.com,Female,89.243.199.130,34.66
896,Lilllie,McParland,lmcparlandov@state.tx.us,Female,34.28.252.253,23.23
897,Thea,Olivari,tolivariow@auda.org.au,Female,44.161.40.187,583.88
898,Fan,Driver,fdriverox@tripadvisor.com,Female,163.97.77.50,445.85
899,Korey,Roches,krochesoy@google.es,Male,103.146.134.86,238.53
900,Veronica,Juanes,vjuanesoz@mozilla.com,Female,193.110.235.31,985.97
901,Vasilis,Arington,varingtonp0@people.com.cn,Male,140.111.151.182,822.68
902,Germain,Ferroli,gferrolip1@edublogs.org,Male,164.58.90.4,926.49
903,Judd,Covendon,jcovendonp2@sitemeter.com,Male,27.252.153.202,433.24
904,Dallas,Knowller,dknowllerp3@geocities.jp,Female,72.18.225.246,513.84
905,Berthe,Mackness,bmacknessp4@marketwatch.com,Female,230.186.101.178,853.44
906,Cathyleen,Torbett,ctorbettp5@taobao.com,Female,188.138.98.2,138.99
907,Charita,Peggs,cpeggsp6@nih.gov,Female,64.173.50.219,69.10
908,Gena,Bier,gbierp7@house.gov,Female,57.242.88.16,380.53
909,Israel,Pelchat,ipelchatp8@epa.gov,Male,29.185.205.236,945.40
910,Lindy,Espadater,lespadaterp9@dyndns.org,Female,144.53.244.8,419.94
911,Kizzie,Thinn,kthinnpa@stumbleupon.com,Female,244.12.39.227,318.03
912,Demetra,Roderham,droderhampb@blinklist.com,Female,158.125.144.7,264.88
913,Zsazsa,Normanvell,znormanvellpc@sciencedaily.com,Female,125.132.240.74,831.28
914,Kora,Skones,kskonespd@4shared.com,Female,144.39.122.17,395.88
915,Susi,Wadham,swadhampe@tumblr.com,Female,229.127.219.86,24.11
916,Lennie,Jupe,ljupepf@wired.com,Male,161.87.150.117,838.03
917,Gabie,Hazelgrove,ghazelgrovepg@wisc.edu,Male,75.147.253.50,152.07
918,Abrahan,Oates,aoatesph@ycombinator.com,Male,214.255.242.113,418.09
919,Myrle,Karpov,mkarpovpi@nps.gov,Female,142.198.105.205,956.31
920,Nertie,Suarez,nsuarezpj@shop-pro.jp,Female,152.134.132.2,288.51
921,Randie,Houliston,rhoulistonpk@artisteer.com,Male,52.127.119.20,47.15
922,Olin,Wozencroft,owozencroftpl@goo.gl,Male,27.3.17.208,461.23
923,Linea,Strasse,lstrassepm@sitemeter.com,Female,195.152.72.105,319.36
924,Marguerite,Seals,msealspn@elpais.com,Female,8.20.89.131,132.52
925,Sharon,Datte,sdattepo@youtube.com,Female,76.101.45.128,21.93
926,Rakel,Cowen,rcowenpp@businesswire.com,Female,80.154.5.39,318.95
927,Mill,Huddles,mhuddlespq@arstechnica.com,Male,204.180.195.248,558.20
928,Erskine,Ludgate,eludgatepr@symantec.com,Male,175.142.166.161,597.52
929,Stephi,Nicolson,snicolsonps@posterous.com,Female,48.158.232.146,606.26
930,Nealson,Doumer,ndoumerpt@1688.com,Male,155.122.216.235,505.44
931,Guthrie,Minci,gmincipu@ucsd.edu,Male,223.53.170.79,312.67
932,Eric,Maffulli,emaffullipv@dailymotion.com,Male,205.69.22.158,935.34
933,Mechelle,O'Hoey,mohoeypw@msn.com,Female,67.241.55.63,206.31
934,Emili,McQuillan,emcquillanpx@bluehost.com,Female,188.165.231.245,857.88
935,Heath,Kestell,hkestellpy@smh.com.au,Female,88.21.233.101,430.62
936,Esme,Yokelman,eyokelmanpz@fda.gov,Female,45.235.7.79,315.16
937,Genny,Middlewick,gmiddlewickq0@ycombinator.com,Female,74.5.37.83,610.74
938,Wynn,Rosenwasser,wrosenwasserq1@privacy.gov.au,Male,230.246.176.98,316.87
939,Henri,Todarini,htodariniq2@tamu.edu,Male,218.5.15.193,370.13
940,Saundra,Dabrowski,sdabrowskiq3@ezinearticles.com,Female,74.38.150.250,993.94
941,Patrice,Wrightim,pwrightimq4@godaddy.com,Female,251.241.186.173,188.26
942,Gunar,Jelf,gjelfq5@loc.gov,Male,229.82.28.159,736.86
943,Dirk,McElrath,dmcelrathq6@surveymonkey.com,Male,213.113.187.222,476.74
944,Ephrem,Blasio,eblasioq7@photobucket.com,Male,99.3.60.31,773.19
945,Laurene,Wintle,lwintleq8@jimdo.com,Female,186.230.42.141,420.13
946,Aymer,Froude,afroudeq9@cnbc.com,Male,110.174.101.44,420.78
947,Lorrie,Bailiss,lbailissqa@networksolutions.com,Female,203.182.137.241,114.84
948,Bradan,Cruce,bcruceqb@blinklist.com,Male,250.137.211.139,929.70
949,Calvin,Klasen,cklasenqc@artisteer.com,Male,41.75.166.27,810.50
950,Hurley,Stairs,hstairsqd@yahoo.co.jp,Male,111.179.7.16,170.85
951,Nada,Bellard,nbellardqe@ibm.com,Female,165.59.128.47,402.83
952,Adan,Endicott,aendicottqf@reference.com,Female,227.162.229.122,869.19
953,Harmonia,Cowlam,hcowlamqg@shop-pro.jp,Female,254.136.144.195,871.93
954,Ryley,Willingale,rwillingaleqh@usatoday.com,Male,135.128.118.143,539.71
955,Hazlett,Mintoft,hmintoftqi@studiopress.com,Male,87.18.58.236,728.25
956,Allyson,Griffitt,agriffittqj@livejournal.com,Female,42.57.190.31,383.37
957,Magnum,McCombe,mmccombeqk@imgur.com,Male,78.12.107.140,876.60
958,Amy,Dorre,adorreql@cocolog-nifty.com,Female,36.95.180.132,67.31
959,Torr,Kivlin,tkivlinqm@tamu.edu,Male,88.202.252.125,980.21
960,Nealy,Voce,nvoceqn@walmart.com,Male,113.59.139.130,348.47
961,Ainslee,Chittim,achittimqo@godaddy.com,Female,73.40.24.200,918.82
962,Mose,Pennaman,mpennamanqp@comcast.net,Male,7.218.95.216,840.96
963,Wyatan,Frudd,wfruddqq@addthis.com,Male,92.84.186.209,835.75
964,Vanya,Boucher,vboucherqr@engadget.com,Male,204.161.6.64,47.06
965,Jacquenetta,Leon,jleonqs@webnode.com,Female,229.62.253.127,274.45
966,Worth,Cheesley,wcheesleyqt@networksolutions.com,Male,188.131.187.133,406.54
967,Doyle,Brunner,dbrunnerqu@boston.com,Male,227.199.149.135,637.55
968,Cecelia,Jacobbe,cjacobbeqv@dagondesign.com,Female,223.54.229.57,363.46
969,Myrlene,Bergeon,mbergeonqw@scientificamerican.com,Female,50.134.44.129,618.47
970,Claiborne,Vicent,cvicentqx@weather.com,Male,73.15.187.215,43.21
971,Brynn,Gopsall,bgopsallqy@yale.edu,Female,58.198.168.218,247.30
972,Justis,Frayling,jfraylingqz@comcast.net,Male,174.13.206.43,748.27
973,Hugh,Godspede,hgodspeder0@washingtonpost.com,Male,63.67.136.210,641.54
974,Reba,Matiasek,rmatiasekr1@storify.com,Female,44.216.9.197,257.87
975,Ian,Hebner,ihebnerr2@creativecommons.org,Male,84.42.189.121,980.18
976,Lin,Raddish,lraddishr3@naver.com,Male,240.173.50.44,460.27
977,Selina,Peres,speresr4@mapquest.com,Female,200.121.254.184,43.47
978,Beniamino,Brithman,bbrithmanr5@chron.com,Male,189.48.235.34,13.84
979,Cymbre,Rubenovic,crubenovicr6@gov.uk,Female,155.12.187.102,514.24
980,Tiffani,Mathely,tmathelyr7@google.nl,Female,233.117.227.246,550.80
981,Ilene,Cuberley,icuberleyr8@mtv.com,Female,210.130.85.57,758.20
982,Hurlee,Dunbavin,hdunbavinr9@xrea.com,Male,113.74.155.100,550.17
983,Allison,Ollerton,aollertonra@ning.com,Female,113.123.100.124,681.34
984,Fabian,Kruschov,fkruschovrb@mozilla.org,Male,114.204.117.198,380.45
985,Arly,Basnett,abasnettrc@posterous.com,Female,32.157.20.102,93.63
986,Rafaelia,Petras,rpetrasrd@tinypic.com,Female,241.96.2.180,440.97
987,Gunter,Carne,gcarnere@usatoday.com,Male,220.56.88.74,129.86
988,Letta,Epinay,lepinayrf@skype.com,Female,10.7.179.32,429.70
989,Isabelita,Hasnney,ihasnneyrg@linkedin.com,Female,42.122.56.8,15.08
990,Papagena,Yuill,pyuillrh@dyndns.org,Female,187.2.15.10,534.06
991,Dorrie,Mouatt,dmouattri@examiner.com,Female,213.89.153.102,69.40
992,Adelbert,Axe,aaxerj@taobao.com,Male,12.61.120.167,93.64
993,Fergus,Pressdee,fpressdeerk@ovh.net,Male,220.228.149.215,665.14
994,Franklin,De Ortega,fdeortegarl@bloglovin.com,Male,125.17.124.109,266.44
995,Odetta,Gymlett,ogymlettrm@oracle.com,Female,10.25.234.146,639.66
996,Reggie,Gullifant,rgullifantrn@printfriendly.com,Male,218.173.103.116,58.59
997,Hugo,Myhan,hmyhanro@squidoo.com,Male,18.57.188.160,491.98
998,Cad,Lockyear,clockyearrp@parallels.com,Male,158.54.219.25,460.51
999,Roxine,Quinion,rquinionrq@nps.gov,Female,156.158.39.93,579.40
1000,Dag,Videan,dvideanrr@reddit.com,Male,240.135.175.47,64.17
