id,first_name,last_name,email,gender,ip_address
1,Adel,Fiorentino,afiorentino0@domainmarket.com,Female,100.226.18.223
2,Adele,Driffill,adriffill1@tripod.com,Female,126.123.137.119
3,Fairlie,Pegler,fpegler2@va.gov,Male,198.161.31.166
4,Lynea,Ahrend,lahrend3@nyu.edu,Female,197.84.101.238
5,Darcy,Tamblingson,dtamblingson4@slashdot.org,Female,80.29.83.113
6,Ludovika,Lemerle,llemerle5@nsw.gov.au,Female,14.90.42.114
7,Corby,Sambedge,csambedge6@zdnet.com,Male,69.94.29.52
8,Lucienne,Manuely,lmanuely7@mail.ru,Female,38.190.247.2
9,Meade,Buckingham,mbuckingham8@china.com.cn,Male,61.31.217.162
10,Byrle,Pischel,bpischel9@dmoz.org,Male,233.20.186.245
11,Gualterio,Cooper,gcoopera@wix.com,Male,254.147.100.155
12,Westley,Lebbon,wlebbonb@trellian.com,Male,243.45.3.26
13,Pet,Hartley,phartleyc@google.ca,Female,73.244.231.40
14,Whittaker,Forseith,wforseithd@google.cn,Male,34.65.110.200
15,Patrizia,Polk,ppolke@bandcamp.com,Female,147.143.125.13
16,Darrel,Baggaley,dbaggaleyf@cam.ac.uk,Male,225.172.199.179
17,Amalie,Neeves,aneevesg@constantcontact.com,Female,54.160.236.132
18,Jennette,Greedier,jgreedierh@jimdo.com,Female,19.12.44.244
19,Marietta,Venables,mvenablesi@bbb.org,Female,148.211.226.195
20,Clair,Alfwy,calfwyj@google.pl,Male,52.139.226.6
21,Candace,Dunbleton,cdunbletonk@barnesandnoble.com,Female,219.204.204.219
22,Keven,Medforth,kmedforthl@newsvine.com,Male,125.195.123.72
23,Layton,Bette,lbettem@howstuffworks.com,Male,189.247.143.58
24,Smitty,Terrey,sterreyn@epa.gov,Male,210.186.25.30
25,Erda,Coase,ecoaseo@redcross.org,Female,145.178.168.74
26,Tammara,Gobat,tgobatp@ihg.com,Female,82.177.196.13
27,Stormie,Leverett,sleverettq@a8.net,Female,238.147.30.232
28,Kirstyn,Philliphs,kphilliphsr@vinaora.com,Female,21.230.186.138
29,Hinda,Michele,hmicheles@seesaa.net,Female,173.210.155.24
30,Nye,Gawkes,ngawkest@skyrock.com,Male,190.150.172.210
31,Consuelo,Cumming,ccummingu@example.com,Female,253.136.63.70
32,Jacquelyn,Salmoni,jsalmoniv@google.ru,Female,66.251.61.33
33,Catherina,Quinnell,cquinnellw@accuweather.com,Female,108.25.38.28
34,Mabel,Costell,mcostellx@about.com,Female,105.230.95.214
35,Sayers,Hawkslee,shawksleey@domainmarket.com,Male,34.7.87.215
36,Rita,Sandercock,rsandercockz@un.org,Female,159.185.154.51
37,Alanah,Ida,aida10@jugem.jp,Female,31.62.123.143
38,Benedicto,Drust,bdrust11@blinklist.com,Male,131.159.200.117
39,Mel,Messenger,mmessenger12@bigcartel.com,Male,86.112.125.54
40,Elysee,Jewson,ejewson13@chron.com,Female,24.32.116.7
41,Eimile,O'Bradden,eobradden14@microsoft.com,Female,125.13.152.33
42,Tuck,Dyshart,tdyshart15@ftc.gov,Male,10.173.144.220
43,Salomon,Gomar,sgomar16@guardian.co.uk,Male,197.84.207.68
44,Daffie,Malthus,dmalthus17@mysql.com,Female,230.46.186.70
45,Kissee,Orbine,korbine18@indiatimes.com,Female,60.221.57.45
46,Mill,Grimmett,mgrimmett19@unesco.org,Male,153.125.34.104
47,Devonna,McAne,dmcane1a@wired.com,Female,159.125.192.200
48,Legra,Standage,lstandage1b@gravatar.com,Female,208.7.186.28
49,Margette,Hannay,mhannay1c@dedecms.com,Female,20.130.83.247
50,Spike,Sime,ssime1d@unesco.org,Male,195.104.160.251
51,Donny,Fitzsymonds,dfitzsymonds1e@ftc.gov,Female,226.119.55.81
52,Waldo,Ciementini,wciementini1f@tinyurl.com,Male,35.230.203.129
53,Salomo,Dagwell,sdagwell1g@dell.com,Male,148.17.145.253
54,Boothe,Corragan,bcorragan1h@nba.com,Male,47.191.148.77
55,Consalve,Jakubovitch,cjakubovitch1i@gizmodo.com,Male,187.72.135.205
56,Titus,Skeemor,tskeemor1j@netlog.com,Male,99.128.159.111
57,Olin,Sutherel,osutherel1k@etsy.com,Male,137.200.117.100
58,Rad,Sweating,rsweating1l@unicef.org,Male,80.5.85.193
59,Lionel,Griffin,lgriffin1m@yellowbook.com,Male,157.155.189.23
60,Felipa,Tembridge,ftembridge1n@amazonaws.com,Female,212.231.124.38
61,Cathee,Vasyukhnov,cvasyukhnov1o@ebay.co.uk,Female,205.235.232.168
62,Nedi,Deluce,ndeluce1p@storify.com,Female,131.27.164.28
63,Adrea,Nelsen,anelsen1q@adobe.com,Female,252.128.27.107
64,Barbabra,Sircombe,bsircombe1r@imgur.com,Female,201.221.42.115
65,Carree,Dancer,cdancer1s@shareasale.com,Female,235.209.146.254
66,Marigold,Kenny,mkenny1t@newyorker.com,Female,140.226.157.111
67,Rainer,Overshott,rovershott1u@purevolume.com,Male,53.126.91.31
68,Douglas,Gounot,dgounot1v@guardian.co.uk,Male,59.173.34.179
69,Nollie,Lammin,nlammin1w@about.me,Male,193.56.110.155
70,Shanta,Thomke,sthomke1x@tripadvisor.com,Female,76.4.7.223
71,Adelle,Juares,ajuares1y@economist.com,Female,145.153.65.238
72,Claiborne,Sprakes,csprakes1z@forbes.com,Male,159.221.235.45
73,Jecho,Crawshay,jcrawshay20@yolasite.com,Male,212.177.150.124
74,Wally,De Rye Barrett,wderyebarrett21@netlog.com,Male,20.196.251.231
75,Milt,Heam,mheam22@whitehouse.gov,Male,46.166.241.80
76,Erick,Booty,ebooty23@huffingtonpost.com,Male,232.42.164.32
77,Helli,Attoe,hattoe24@wikimedia.org,Female,228.48.99.167
78,Moses,Hutchinges,mhutchinges25@yale.edu,Male,145.190.239.65
79,Franchot,Hollerin,fhollerin26@tripod.com,Male,158.10.129.143
80,Merill,Guswell,mguswell27@census.gov,Male,234.79.95.232
81,Conrado,Willmer,cwillmer28@dailymotion.com,Male,55.47.60.212
82,Eunice,Bolesworth,ebolesworth29@friendfeed.com,Female,32.180.25.208
83,Billy,Ragate,bragate2a@admin.ch,Male,80.94.234.63
84,Marj,Daniely,mdaniely2b@linkedin.com,Female,189.179.30.9
85,Taite,Marrill,tmarrill2c@exblog.jp,Male,162.59.105.132
86,Candida,Extil,cextil2d@google.de,Female,65.143.83.60
87,Ram,Scorer,rscorer2e@drupal.org,Male,176.165.91.35
88,Martyn,Lampet,mlampet2f@so-net.ne.jp,Male,255.37.29.224
89,Melli,Jinks,mjinks2g@cmu.edu,Female,56.175.54.57
90,Samuele,Pickwell,spickwell2h@addthis.com,Male,51.7.29.218
91,Margery,Kitney,mkitney2i@ihg.com,Female,214.198.101.47
92,Hans,Wassung,hwassung2j@wp.com,Male,170.178.238.194
93,Karim,Janos,kjanos2k@nba.com,Male,226.149.191.126
94,Hartwell,Pothergill,hpothergill2l@tiny.cc,Male,109.44.195.179
95,Major,Olesen,molesen2m@google.es,Male,59.42.95.92
96,Mickey,Paddingdon,mpaddingdon2n@networksolutions.com,Male,14.189.180.20
97,Quintus,Cockshot,qcockshot2o@prnewswire.com,Male,92.178.34.224
98,Ciro,Bradock,cbradock2p@jigsy.com,Male,162.92.216.124
99,Livvy,Flinn,lflinn2q@tiny.cc,Female,40.123.233.168
100,Philbert,Plitz,pplitz2r@princeton.edu,Male,67.71.11.162
101,Cedric,Ikins,cikins2s@cdc.gov,Male,155.150.93.139
102,Marty,Meneyer,mmeneyer2t@ebay.co.uk,Female,215.120.81.147
103,Shelia,Swansborough,sswansborough2u@privacy.gov.au,Female,116.158.209.235
104,Romeo,Kemwal,rkemwal2v@mashable.com,Male,112.69.120.247
105,Bo,Vondracek,bvondracek2w@istockphoto.com,Male,29.147.125.182
106,Charisse,Somner,csomner2x@virginia.edu,Female,219.110.188.0
107,Ari,Feehan,afeehan2y@networksolutions.com,Male,43.17.44.19
108,Sauncho,Stanesby,sstanesby2z@google.com.au,Male,102.216.227.15
109,Lynett,Lawrence,llawrence30@unicef.org,Female,114.24.101.153
110,Waring,O'Grada,wograda31@unblog.fr,Male,129.56.187.84
111,Coriss,Tarpey,ctarpey32@chronoengine.com,Female,97.25.254.43
112,Leeann,McNysche,lmcnysche33@woothemes.com,Female,120.185.119.31
113,Duffie,Ullett,dullett34@taobao.com,Male,149.19.24.73
114,Rab,Husk,rhusk35@netscape.com,Male,122.48.236.235
115,Abran,Dreakin,adreakin36@fda.gov,Male,166.152.59.210
116,Evonne,Allans,eallans37@newyorker.com,Female,163.49.209.245
117,Cristobal,Appleford,cappleford38@g.co,Male,247.55.247.149
118,Sherye,Shaddick,sshaddick39@admin.ch,Female,195.86.160.94
119,Anica,De L'Isle,adelisle3a@seattletimes.com,Female,166.170.167.65
120,Noll,Bonafacino,nbonafacino3b@digg.com,Male,120.98.28.202
121,Livia,Nore,lnore3c@imageshack.us,Female,80.79.115.74
122,Hermann,Twelvetrees,htwelvetrees3d@cnbc.com,Male,0.190.138.0
123,Corney,Noseworthy,cnoseworthy3e@deviantart.com,Male,251.149.63.149
124,Quincey,Addionisio,qaddionisio3f@aboutads.info,Male,202.110.126.6
125,Les,Jacobowitz,ljacobowitz3g@nasa.gov,Male,242.136.54.241
126,Evan,Rugge,erugge3h@sun.com,Male,221.239.149.40
127,Alexandrina,Chittie,achittie3i@woothemes.com,Female,196.255.17.42
128,Blake,Walters,bwalters3j@census.gov,Male,170.249.235.137
129,Wilden,Speek,wspeek3k@ibm.com,Male,234.142.238.142
130,Gorden,Franchioni,gfranchioni3l@dedecms.com,Male,116.154.203.126
131,Skippie,Hardey,shardey3m@google.co.jp,Male,241.173.101.90
132,Sigfried,Coatsworth,scoatsworth3n@google.co.jp,Male,202.230.46.179
133,Adelina,Dust,adust3o@storify.com,Female,232.97.162.217
134,Torin,Pietruszewicz,tpietruszewicz3p@is.gd,Male,55.225.53.123
135,Joye,Penner,jpenner3q@cyberchimps.com,Female,141.111.56.74
136,Marilin,Gurnay,mgurnay3r@devhub.com,Female,63.212.21.88
137,Ethelin,Edgerley,eedgerley3s@ibm.com,Female,105.34.245.57
138,Jody,Oager,joager3t@comcast.net,Male,87.86.125.198
139,Maggee,Stebbin,mstebbin3u@seattletimes.com,Female,124.43.2.233
140,Delbert,Tresvina,dtresvina3v@vistaprint.com,Male,62.250.38.132
141,Kati,Vise,kvise3w@woothemes.com,Female,242.142.0.212
142,Vivien,Ghilardi,vghilardi3x@amazonaws.com,Female,194.162.203.242
143,Marcellus,Harmston,mharmston3y@jalbum.net,Male,36.141.146.143
144,Eliot,Magauran,emagauran3z@photobucket.com,Male,154.151.240.185
145,Geralda,Bark,gbark40@is.gd,Female,5.248.28.203
146,Aldo,McCloy,amccloy41@senate.gov,Male,132.37.238.113
147,Jefferey,Halsey,jhalsey42@freewebs.com,Male,198.97.217.77
148,Marje,Divall,mdivall43@dedecms.com,Female,51.228.224.103
149,Davie,Bentley,dbentley44@w3.org,Male,227.223.209.222
150,Pennie,Woolam,pwoolam45@cdc.gov,Female,189.151.4.7
151,Gussi,Lillgard,glillgard46@sina.com.cn,Female,230.42.87.241
152,Dinah,Zannelli,dzannelli47@instagram.com,Female,24.190.206.192
153,Carola,Guidi,cguidi48@cisco.com,Female,209.35.15.40
154,Rois,Beevens,rbeevens49@edublogs.org,Female,46.233.218.10
155,Jacquette,Kerfoot,jkerfoot4a@yale.edu,Female,214.131.183.199
156,Marietta,Woodfine,mwoodfine4b@cdbaby.com,Male,127.73.104.61
157,Lindsey,Byars,lbyars4c@istockphoto.com,Male,66.66.255.28
158,Elane,Maddyson,emaddyson4d@g.co,Female,217.64.63.111
159,Alexandra,Balme,abalme4e@about.com,Female,86.72.27.38
160,Wanids,Silverston,wsilverston4f@meetup.com,Female,136.170.167.225
161,Bret,Munkton,bmunkton4g@cnet.com,Male,5.58.150.35
162,Adeline,Dowsett,adowsett4h@scientificamerican.com,Female,10.165.188.148
163,Robina,Polden,rpolden4i@naver.com,Female,225.18.7.171
164,Bella,Ridges,bridges4j@cbslocal.com,Female,69.213.138.118
165,Jarrad,Jammes,jjammes4k@patch.com,Male,194.230.59.174
166,Isabelle,Benaine,ibenaine4l@uol.com.br,Female,251.7.5.235
167,Minta,Regitz,mregitz4m@list-manage.com,Female,214.166.195.226
168,Goran,Stokell,gstokell4n@princeton.edu,Male,249.109.137.85
169,Artair,Lindenberg,alindenberg4o@wix.com,Male,124.134.69.148
170,Nikos,Wallbridge,nwallbridge4p@linkedin.com,Male,144.234.97.69
171,Vivyan,Coulthard,vcoulthard4q@netscape.com,Female,17.199.202.206
172,Geraldine,Shawe,gshawe4r@paypal.com,Female,59.139.8.128
173,Townie,Goggan,tgoggan4s@blog.com,Male,162.173.206.244
174,Blair,Haglinton,bhaglinton4t@nydailynews.com,Male,181.252.108.155
175,Alano,Darwood,adarwood4u@lulu.com,Male,150.52.40.55
176,Shayne,Heyns,sheyns4v@ebay.co.uk,Male,191.224.212.241
177,Vito,Buchett,vbuchett4w@w3.org,Male,28.32.127.162
178,Aguistin,Doddemeade,adoddemeade4x@github.com,Male,219.159.137.46
179,Brigg,Longfoot,blongfoot4y@flavors.me,Male,106.249.14.24
180,Devonna,Guyer,dguyer4z@webnode.com,Female,68.69.200.163
181,Farrand,Samter,fsamter50@amazonaws.com,Female,97.4.153.166
182,Andree,Bruckman,abruckman51@google.com,Female,244.171.108.70
183,Cedric,Caustic,ccaustic52@earthlink.net,Male,48.197.110.88
184,Elton,Thickins,ethickins53@eepurl.com,Male,122.168.184.224
185,Meir,Winfrey,mwinfrey54@drupal.org,Male,141.69.226.173
186,Romain,Lippo,rlippo55@boston.com,Male,160.149.237.210
187,Conrade,Crackett,ccrackett56@cpanel.net,Male,228.252.206.62
188,Lilly,Rosenfelt,lrosenfelt57@mashable.com,Female,177.254.15.179
189,Kathleen,Summerrell,ksummerrell58@slideshare.net,Female,22.76.249.236
190,Rem,Chamberlaine,rchamberlaine59@va.gov,Male,178.16.190.119
191,Mei,Littlechild,mlittlechild5a@sphinn.com,Female,27.175.198.54
192,Shelli,Rainford,srainford5b@hibu.com,Female,242.38.237.168
193,Chanda,Blacklidge,cblacklidge5c@shareasale.com,Female,29.134.78.243
194,Cullin,Bisatt,cbisatt5d@whitehouse.gov,Male,22.181.199.153
195,Steffane,Barringer,sbarringer5e@bandcamp.com,Female,206.162.150.223
196,Delinda,Byron,dbyron5f@google.com,Female,189.123.130.10
197,Claude,Meiklem,cmeiklem5g@google.es,Female,219.235.127.245
198,Ervin,Koomar,ekoomar5h@icio.us,Male,66.86.51.184
199,Angy,Pedron,apedron5i@cbsnews.com,Female,227.201.185.19
200,Wayne,Sherlock,wsherlock5j@ftc.gov,Male,236.34.169.99
201,Eddi,Linwood,elinwood5k@dyndns.org,Female,31.127.198.27
202,Barrett,Canepe,bcanepe5l@sakura.ne.jp,Male,164.253.142.210
203,Abramo,Whitehead,awhitehead5m@japanpost.jp,Male,189.149.132.124
204,Amaleta,Ixer,aixer5n@photobucket.com,Female,174.99.128.157
205,Editha,Michell,emichell5o@gravatar.com,Female,233.40.255.225
206,Carine,Gorton,cgorton5p@goodreads.com,Female,246.149.189.91
207,Jule,Rosenwald,jrosenwald5q@nasa.gov,Male,34.228.233.147
208,Albert,Madoc-Jones,amadocjones5r@ed.gov,Male,210.81.174.22
209,Dimitry,Bartelli,dbartelli5s@flavors.me,Male,179.13.66.13
210,Julio,Scarffe,jscarffe5t@reddit.com,Male,13.43.254.34
211,Boris,Benbrick,bbenbrick5u@dedecms.com,Male,179.110.251.74
212,Brit,Le-Good,blegood5v@ow.ly,Male,139.193.148.136
213,Pren,Dawley,pdawley5w@xinhuanet.com,Male,174.203.216.78
214,Raynard,Desquesnes,rdesquesnes5x@blogspot.com,Male,91.84.99.104
215,Shannah,Gullyes,sgullyes5y@bizjournals.com,Female,173.160.131.84
216,Berkley,Lakey,blakey5z@businessweek.com,Male,117.191.84.165
217,Woodman,Jahnig,wjahnig60@java.com,Male,76.240.104.111
218,Agustin,Alvey,aalvey61@independent.co.uk,Male,125.213.50.105
219,Joe,Bernolet,jbernolet62@google.fr,Male,115.148.176.37
220,Timmie,Earie,tearie63@plala.or.jp,Female,121.94.155.188
221,Stearne,Drewett,sdrewett64@4shared.com,Male,58.130.253.162
222,Kasper,Popelay,kpopelay65@noaa.gov,Male,118.65.25.137
223,Frederic,Ledekker,fledekker66@nba.com,Male,66.72.210.252
224,Roxi,de Guise,rdeguise67@mail.ru,Female,88.32.13.41
225,Rozamond,Brasener,rbrasener68@over-blog.com,Female,217.13.97.132
226,Manuel,Sansum,msansum69@squidoo.com,Male,239.216.79.174
227,Sherlocke,Snead,ssnead6a@sciencedaily.com,Male,196.250.231.115
228,Spenser,Adams,sadams6b@soup.io,Male,241.75.5.188
229,Josepha,Skypp,jskypp6c@hatena.ne.jp,Female,64.192.160.53
230,Roberto,Oliva,roliva6d@weebly.com,Male,107.43.174.207
231,Alexandro,Short,ashort6e@yellowbook.com,Male,7.224.45.220
232,Judas,Stansby,jstansby6f@weebly.com,Male,31.249.107.200
233,Felike,Blandamere,fblandamere6g@domainmarket.com,Male,222.17.181.251
234,Courtney,Giercke,cgiercke6h@simplemachines.org,Male,28.140.22.238
235,Perry,Jeandon,pjeandon6i@telegraph.co.uk,Male,89.215.91.133
236,Tildie,Rulten,trulten6j@cam.ac.uk,Female,100.51.56.235
237,Chance,Readett,creadett6k@yellowbook.com,Male,221.242.7.171
238,Hope,Commins,hcommins6l@google.it,Female,195.56.211.21
239,Penrod,Matteuzzi,pmatteuzzi6m@cafepress.com,Male,58.8.250.227
240,Wallis,Warlow,wwarlow6n@nature.com,Male,179.60.171.240
241,Rafi,Jerrard,rjerrard6o@google.com.br,Male,30.216.12.238
242,Patty,Rhoddie,prhoddie6p@admin.ch,Male,234.241.50.12
243,Torrance,Etheridge,tetheridge6q@bravesites.com,Male,236.78.143.101
244,Cody,Neeves,cneeves6r@discuz.net,Male,133.200.253.184
245,Breena,Grayer,bgrayer6s@de.vu,Female,216.106.168.70
246,Crichton,Shemming,cshemming6t@bloomberg.com,Male,189.160.38.140
247,Deeanne,House,dhouse6u@paypal.com,Female,98.82.19.24
248,Hercule,Morat,hmorat6v@wix.com,Male,115.213.132.170
249,Evan,Luto,eluto6w@cargocollective.com,Male,88.122.79.199
250,Sauncho,Rawood,srawood6x@state.tx.us,Male,73.90.35.164
251,Morrie,Norwood,mnorwood6y@fc2.com,Male,146.187.30.245
252,Crissie,Zohrer,czohrer6z@unc.edu,Female,234.179.70.196
253,Tiena,Pulster,tpulster70@senate.gov,Female,42.239.125.115
254,Alessandra,Blakeway,ablakeway71@typepad.com,Female,241.217.48.232
255,Cynde,Rapsey,crapsey72@sun.com,Female,244.91.160.165
256,Lucio,Brandreth,lbrandreth73@mit.edu,Male,41.100.153.27
257,Avigdor,Harrowing,aharrowing74@skyrock.com,Male,62.139.175.156
258,Ermanno,Balf,ebalf75@addtoany.com,Male,197.72.152.162
259,Haydon,Bodycomb,hbodycomb76@imdb.com,Male,155.180.168.73
260,Banky,Bisseker,bbisseker77@symantec.com,Male,4.136.53.19
261,Alfonso,Sargison,asargison78@ucla.edu,Male,124.244.111.159
262,Marissa,Filan,mfilan79@telegraph.co.uk,Female,26.182.99.226
263,Thornton,Sweetenham,tsweetenham7a@jiathis.com,Male,185.236.63.64
264,Marylou,McClements,mmcclements7b@java.com,Female,81.10.31.140
265,Jewelle,Swains,jswains7c@paginegialle.it,Female,191.88.176.47
266,Jocelin,Guwer,jguwer7d@businessinsider.com,Female,78.33.251.28
267,Moria,Shimmans,mshimmans7e@cloudflare.com,Female,51.143.133.208
268,Margarethe,Haddrill,mhaddrill7f@scientificamerican.com,Female,104.54.7.162
269,Tracee,Gilhool,tgilhool7g@latimes.com,Female,154.223.114.178
270,Julio,Vasyatkin,jvasyatkin7h@jugem.jp,Male,45.122.195.96
271,Chariot,Moors,cmoors7i@addthis.com,Male,194.35.138.226
272,Estella,Webb,ewebb7j@altervista.org,Female,225.79.237.8
273,Lorelei,Hadigate,lhadigate7k@paginegialle.it,Female,149.148.187.13
274,Laure,Talkington,ltalkington7l@quantcast.com,Female,79.1.46.49
275,Lynnelle,Fowlie,lfowlie7m@vkontakte.ru,Female,76.59.164.176
276,Bill,Bragge,bbragge7n@addthis.com,Female,54.144.12.167
277,Nikkie,Heartfield,nheartfield7o@google.co.jp,Female,182.75.118.35
278,Augustin,Hendrichs,ahendrichs7p@gizmodo.com,Male,63.172.6.25
279,Quintin,Antony,qantony7q@virginia.edu,Male,139.72.5.159
280,Jacquie,Gartin,jgartin7r@google.com.br,Female,143.206.186.161
281,Simone,Yakunchikov,syakunchikov7s@theglobeandmail.com,Male,29.23.254.118
282,Zoe,Hillhouse,zhillhouse7t@elpais.com,Female,216.247.227.201
283,Jarvis,Finnimore,jfinnimore7u@statcounter.com,Male,198.103.88.238
284,Bell,Gilbard,bgilbard7v@delicious.com,Female,118.160.254.93
285,Agnese,Gagen,agagen7w@homestead.com,Female,11.158.78.2
286,Jorey,Devall,jdevall7x@toplist.cz,Female,159.174.67.4
287,Gerrard,Haskew,ghaskew7y@patch.com,Male,252.246.55.20
288,Fifi,Larcombe,flarcombe7z@rambler.ru,Female,93.127.58.123
289,Mathilde,Klageman,mklageman80@geocities.com,Female,93.9.244.10
290,Alverta,Capnor,acapnor81@wsj.com,Female,131.131.187.43
291,Moss,Taile,mtaile82@baidu.com,Male,37.130.103.162
292,Adele,Colthard,acolthard83@ca.gov,Female,52.9.20.241
293,Ansell,Binns,abinns84@wisc.edu,Male,43.41.107.13
294,Wendi,Delamere,wdelamere85@about.me,Female,139.251.35.170
295,Zita,McEntee,zmcentee86@berkeley.edu,Female,218.71.30.5
296,Hakeem,Lehr,hlehr87@pagesperso-orange.fr,Male,4.165.109.137
297,Maxim,Vasiliev,mvasiliev88@comsenz.com,Male,205.169.82.170
298,Augustin,Jarman,ajarman89@mapquest.com,Male,149.108.89.122
299,Laney,Blint,lblint8a@nytimes.com,Female,153.246.160.86
300,Reid,Konneke,rkonneke8b@istockphoto.com,Male,87.246.250.95
301,Marieann,Brazer,mbrazer8c@howstuffworks.com,Female,66.89.94.76
302,Judah,Souten,jsouten8d@weibo.com,Male,204.192.238.141
303,Fran,Rookes,frookes8e@aol.com,Female,34.108.142.114
304,Talya,Dugood,tdugood8f@nydailynews.com,Female,128.225.78.154
305,Hedvige,Caven,hcaven8g@canalblog.com,Female,134.5.228.176
306,Fenelia,Squelch,fsquelch8h@toplist.cz,Female,226.91.102.125
307,Harriette,Pirdue,hpirdue8i@businessweek.com,Female,102.252.199.189
308,Ferdy,Duhig,fduhig8j@google.co.jp,Male,166.127.39.93
309,Sheena,Avraham,savraham8k@howstuffworks.com,Female,98.234.54.97
310,Norry,MacCook,nmaccook8l@about.me,Male,183.241.98.242
311,Benn,Whitwham,bwhitwham8m@amazon.de,Male,146.125.189.20
312,Gale,Fowkes,gfowkes8n@yellowpages.com,Male,62.26.188.147
313,Arielle,Matschke,amatschke8o@about.me,Female,54.107.131.170
314,Kipper,Overlow,koverlow8p@last.fm,Male,213.121.111.31
315,Sheree,Bartolozzi,sbartolozzi8q@wikimedia.org,Female,233.217.140.77
316,Analiese,Lemarie,alemarie8r@ftc.gov,Female,171.67.60.36
317,Minda,Bartlomiejczyk,mbartlomiejczyk8s@over-blog.com,Female,51.26.47.175
318,Reginald,Seivertsen,rseivertsen8t@wired.com,Male,121.149.200.202
319,Cully,Kaufman,ckaufman8u@infoseek.co.jp,Male,219.35.151.18
320,Tiphanie,Labusch,tlabusch8v@usgs.gov,Female,29.79.68.96
321,Tilly,Bruntje,tbruntje8w@google.es,Female,122.64.37.240
322,Merrick,Hatcher,mhatcher8x@moonfruit.com,Male,146.211.183.2
323,Artie,Donner,adonner8y@etsy.com,Male,158.243.214.60
324,Jaymee,Pirt,jpirt8z@unblog.fr,Female,58.67.41.91
325,Sebastiano,Cotgrave,scotgrave90@ebay.com,Male,66.50.54.189
326,Beniamino,Biddy,bbiddy91@stumbleupon.com,Male,136.24.103.85
327,Xever,Baudoux,xbaudoux92@archive.org,Male,218.245.234.152
328,Benedicto,Neaves,bneaves93@issuu.com,Male,188.97.96.82
329,Donal,Le Count,dlecount94@hp.com,Male,70.24.66.43
330,Virgil,Geale,vgeale95@unblog.fr,Male,85.7.162.63
331,Donn,Caddies,dcaddies96@sphinn.com,Male,29.121.117.85
332,Syd,Waterhouse,swaterhouse97@yelp.com,Male,65.139.36.77
333,Esteban,Foulkes,efoulkes98@salon.com,Male,115.47.173.171
334,Dredi,Brandassi,dbrandassi99@dailymail.co.uk,Female,81.222.5.128
335,Anabal,Olivo,aolivo9a@examiner.com,Female,100.175.143.123
336,Susana,Panyer,spanyer9b@histats.com,Female,77.29.35.40
337,Otho,Giraldon,ogiraldon9c@ning.com,Male,147.72.219.30
338,Parrnell,Springer,pspringer9d@state.gov,Male,78.18.7.124
339,Yoshi,Gleadle,ygleadle9e@nih.gov,Female,126.181.210.1
340,Edy,Pennells,epennells9f@sourceforge.net,Female,160.146.143.145
341,Quincy,Bough,qbough9g@mapquest.com,Male,83.213.70.15
342,Cirillo,Bene,cbene9h@wsj.com,Male,27.191.251.177
343,Gayla,Rzehor,grzehor9i@meetup.com,Female,169.159.52.176
344,Chiquia,Vickors,cvickors9j@jugem.jp,Female,95.69.153.210
345,Marius,Shakespear,mshakespear9k@360.cn,Male,35.173.42.11
346,Aldrich,Brunelleschi,abrunelleschi9l@ft.com,Male,233.19.116.168
347,Hogan,Beausang,hbeausang9m@networksolutions.com,Male,50.216.138.191
348,Ermentrude,Birts,ebirts9n@dedecms.com,Female,112.62.137.163
349,Delcine,Crippill,dcrippill9o@linkedin.com,Female,177.94.63.203
350,Iorgo,O' Connell,ioconnell9p@ucoz.ru,Male,62.198.162.71
351,Hollis,Shynn,hshynn9q@skyrock.com,Male,98.30.142.20
352,Felix,Somerton,fsomerton9r@narod.ru,Male,114.53.130.65
353,Gussy,Arnaldo,garnaldo9s@fotki.com,Female,119.252.59.160
354,Lucille,MacCrackan,lmaccrackan9t@sogou.com,Female,168.2.251.164
355,Theo,Brinkley,tbrinkley9u@craigslist.org,Male,139.160.214.45
356,Derrik,Wailes,dwailes9v@oracle.com,Male,247.200.127.60
357,Carmine,Corn,ccorn9w@sun.com,Male,166.235.96.225
358,Luigi,Duiged,lduiged9x@independent.co.uk,Male,216.132.220.164
359,Jena,Overbury,joverbury9y@de.vu,Female,184.4.146.207
360,Tremaine,Heggman,theggman9z@yellowbook.com,Male,133.229.62.177
361,Nicholas,Karby,nkarbya0@e-recht24.de,Male,242.202.14.186
362,Theda,Hegge,theggea1@newyorker.com,Female,194.250.36.15
363,Aeriell,Boase,aboasea2@myspace.com,Female,111.193.29.89
364,Bernie,Claughton,bclaughtona3@nba.com,Female,97.160.189.186
365,Nanni,Sutor,nsutora4@angelfire.com,Female,21.144.32.94
366,Yoshiko,Laslett,ylasletta5@icio.us,Female,131.23.180.96
367,Nina,Toten,ntotena6@yellowpages.com,Female,53.249.94.240
368,Parke,Novill,pnovilla7@digg.com,Male,204.174.159.112
369,Arni,Deeks,adeeksa8@indiegogo.com,Male,233.46.152.58
370,Nicki,Merwe,nmerwea9@jiathis.com,Female,48.246.188.83
371,Angelle,Linnard,alinnardaa@cyberchimps.com,Female,128.1.139.86
372,Calypso,Hauch,chauchab@psu.edu,Female,88.114.180.16
373,Kandy,Issatt,kissattac@fastcompany.com,Female,238.189.5.100
374,Norine,Vaux,nvauxad@hugedomains.com,Female,11.46.183.151
375,Yetty,Rosthorn,yrosthornae@exblog.jp,Female,197.11.211.209
376,Thurstan,Grinnikov,tgrinnikovaf@squarespace.com,Male,59.164.164.10
377,Evanne,Espasa,eespasaag@t.co,Female,35.164.135.27
378,Morgan,Evequot,mevequotah@reddit.com,Female,143.181.12.110
379,Stanislas,Fust,sfustai@blogger.com,Male,211.190.174.86
380,Sharla,Meanwell,smeanwellaj@europa.eu,Female,213.57.138.111
381,Edin,Ferraron,eferraronak@yahoo.com,Female,202.130.128.104
382,Ronna,McCracken,rmccrackenal@washingtonpost.com,Female,229.125.7.86
383,Mano,Delooze,mdeloozeam@behance.net,Male,196.58.249.102
384,Chalmers,Pennino,cpenninoan@fda.gov,Male,126.30.122.39
385,Vick,Rillstone,vrillstoneao@google.es,Male,106.96.126.78
386,Pattin,Greenless,pgreenlessap@amazon.co.uk,Male,164.132.82.254
387,Aloysius,McCurry,amccurryaq@house.gov,Male,33.59.79.191
388,Syd,Penketh,spenkethar@discuz.net,Male,51.35.134.223
389,Beltran,Saph,bsaphas@sun.com,Male,6.168.21.47
390,Jasen,Lambertson,jlambertsonat@loc.gov,Male,242.54.154.238
391,Elie,De Morena,edemorenaau@indiegogo.com,Female,53.172.118.212
392,Moina,Noller,mnollerav@posterous.com,Female,8.119.45.95
393,Selestina,De Zamudio,sdezamudioaw@unicef.org,Female,21.217.210.98
394,Hamish,Easterby,heasterbyax@com.com,Male,134.170.193.34
395,Shea,Cordingley,scordingleyay@ycombinator.com,Female,248.106.138.0
396,Marv,Preddy,mpreddyaz@goodreads.com,Male,243.156.75.38
397,Merrel,Ketton,mkettonb0@fc2.com,Male,31.105.16.29
398,Nichol,McGourty,nmcgourtyb1@altervista.org,Female,48.246.25.112
399,Saw,Cathcart,scathcartb2@infoseek.co.jp,Male,87.54.139.166
400,Kaile,Scaice,kscaiceb3@fda.gov,Female,41.212.169.199
401,Jewel,Martyn,jmartynb4@deviantart.com,Female,69.116.127.237
402,Obidiah,Hawket,ohawketb5@soundcloud.com,Male,24.57.107.31
403,Stephanie,Coucha,scouchab6@macromedia.com,Female,32.80.181.107
404,Melosa,D'Enrico,mdenricob7@prweb.com,Female,157.216.61.53
405,Franni,Grigorkin,fgrigorkinb8@de.vu,Female,151.195.103.147
406,Neddie,Powys,npowysb9@cloudflare.com,Male,17.156.14.13
407,Rudolph,Elletson,relletsonba@biblegateway.com,Male,128.177.23.134
408,Hamnet,Philipeau,hphilipeaubb@people.com.cn,Male,146.173.227.37
409,Gabriel,Grabbam,ggrabbambc@businesswire.com,Male,194.136.88.203
410,Dick,Manntschke,dmanntschkebd@github.com,Male,224.190.253.163
411,Lemar,Fairhurst,lfairhurstbe@google.com,Male,119.195.6.255
412,Brittan,Taylder,btaylderbf@irs.gov,Female,9.63.113.135
413,Giacomo,Bonick,gbonickbg@wordpress.org,Male,238.63.21.173
414,Worth,Lyte,wlytebh@webs.com,Male,99.215.113.77
415,Reilly,Filde,rfildebi@tripadvisor.com,Male,85.206.157.40
416,Nollie,Tosspell,ntosspellbj@marriott.com,Male,133.8.104.137
417,Alessandra,Harman,aharmanbk@dailymail.co.uk,Female,34.143.221.239
418,Gabbi,Faussett,gfaussettbl@ucoz.com,Female,163.26.190.28
419,Dina,Summerside,dsummersidebm@weather.com,Female,242.184.180.103
420,Piper,Clendinning,pclendinningbn@state.gov,Female,124.182.60.8
421,Fayth,Firk,ffirkbo@wunderground.com,Female,206.59.129.10
422,Elsa,Vallery,evallerybp@zdnet.com,Female,186.75.129.158
423,Maxine,Hammarberg,mhammarbergbq@bbc.co.uk,Female,97.158.202.119
424,Matty,Sisnett,msisnettbr@omniture.com,Male,133.67.183.127
425,Cyrill,Ungerer,cungererbs@jigsy.com,Male,140.153.251.131
426,Archer,Arnaudet,aarnaudetbt@a8.net,Male,123.0.181.207
427,Vitia,Stiant,vstiantbu@wordpress.com,Female,172.204.71.253
428,Franky,Taig,ftaigbv@bluehost.com,Female,240.254.195.241
429,Pascale,Milmo,pmilmobw@kickstarter.com,Male,106.87.89.204
430,Jerry,Heiner,jheinerbx@ifeng.com,Female,121.202.90.171
431,Lezlie,Loughlin,lloughlinby@sphinn.com,Female,160.234.14.159
432,Amory,Whimper,awhimperbz@intel.com,Male,208.18.85.220
433,Janella,Bernard,jbernardc0@networkadvertising.org,Female,28.189.127.126
434,Quinton,Hullock,qhullockc1@miibeian.gov.cn,Male,222.166.122.234
435,Raddy,Kearsley,rkearsleyc2@wikia.com,Male,146.166.60.162
436,Johannah,Bryenton,jbryentonc3@diigo.com,Female,184.109.243.50
437,Ross,Fick,rfickc4@reference.com,Male,141.170.141.176
438,Kingsley,Brussels,kbrusselsc5@webmd.com,Male,204.188.5.37
439,Matthieu,Shackleton,mshackletonc6@netlog.com,Male,205.212.70.199
440,Erin,Jales,ejalesc7@phoca.cz,Male,92.228.58.238
441,Dougy,Raecroft,draecroftc8@unblog.fr,Male,32.240.206.100
442,Brennen,Gooderidge,bgooderidgec9@taobao.com,Male,198.118.154.223
443,Nicoli,Standbrook,nstandbrookca@senate.gov,Female,122.103.35.86
444,Lockwood,Axleby,laxlebycb@de.vu,Male,18.205.145.54
445,Loydie,Oakman,loakmancc@nifty.com,Male,63.128.139.172
446,Benny,Vannikov,bvannikovcd@spiegel.de,Male,234.99.237.235
447,Adelina,Mattock,amattockce@ezinearticles.com,Female,240.245.86.63
448,Cyndy,Stanex,cstanexcf@lulu.com,Female,134.107.82.138
449,Liva,McRobert,lmcrobertcg@comsenz.com,Female,34.120.36.141
450,Quincey,Garrals,qgarralsch@123-reg.co.uk,Male,206.17.98.231
451,Amalita,Girdler,agirdlerci@jalbum.net,Female,10.206.245.197
452,Minnaminnie,Damrel,mdamrelcj@ebay.com,Female,134.191.34.244
453,Julie,Fortye,jfortyeck@chron.com,Male,201.85.121.219
454,Kurt,Lohan,klohancl@unesco.org,Male,159.149.122.189
455,Tate,Pratchett,tpratchettcm@addtoany.com,Male,111.35.149.243
456,Christiane,Lantaff,clantaffcn@shinystat.com,Female,43.107.61.93
457,Merlina,Coggin,mcogginco@amazonaws.com,Female,189.182.220.179
458,Shadow,Loding,slodingcp@nasa.gov,Male,56.40.12.202
459,Ryun,Cassar,rcassarcq@weebly.com,Male,214.53.238.142
460,Bartholomeus,Dan,bdancr@usnews.com,Male,222.194.117.102
461,Kurtis,Rodenburg,krodenburgcs@dailymail.co.uk,Male,57.124.64.215
462,Christan,Hatherleigh,chatherleighct@mit.edu,Female,175.1.139.58
463,Morty,Balazs,mbalazscu@ed.gov,Male,84.138.177.234
464,Kory,Curling,kcurlingcv@blinklist.com,Male,25.75.199.91
465,Mitchel,Kaas,mkaascw@cpanel.net,Male,136.79.149.117
466,Guglielma,Domerc,gdomerccx@hugedomains.com,Female,118.19.111.35
467,Thacher,Couling,tcoulingcy@nsw.gov.au,Male,213.63.20.126
468,Millie,Losty,mlostycz@wsj.com,Female,249.32.146.113
469,Bernardine,Giacobilio,bgiacobiliod0@yale.edu,Female,146.125.30.250
470,Marcos,Cooling,mcoolingd1@networkadvertising.org,Male,249.124.56.65
471,Kameko,Ninnotti,kninnottid2@google.com.hk,Female,129.159.96.112
472,Leonie,Maggi,lmaggid3@comsenz.com,Female,147.23.232.189
473,Boy,Panketh,bpankethd4@usatoday.com,Male,213.28.45.136
474,Johny,Passman,jpassmand5@cam.ac.uk,Male,98.49.209.49
475,Gibby,Geillier,ggeillierd6@hubpages.com,Male,6.253.36.218
476,Agnes,De Lorenzo,adelorenzod7@instagram.com,Female,117.158.39.105
477,Lauritz,Trewman,ltrewmand8@multiply.com,Male,36.72.160.203
478,Karrie,Dee,kdeed9@photobucket.com,Female,146.128.29.242
479,Grier,Grimshaw,ggrimshawda@google.fr,Female,6.228.52.149
480,Ed,MacElharge,emacelhargedb@wunderground.com,Male,202.152.20.211
481,De,Oda,dodadc@bizjournals.com,Female,140.193.232.16
482,Brana,Mardall,bmardalldd@desdev.cn,Female,57.98.102.206
483,Arch,Karpfen,akarpfende@myspace.com,Male,106.107.69.126
484,Rodrigo,Rodenhurst,rrodenhurstdf@timesonline.co.uk,Male,55.43.175.172
485,Bengt,Worsall,bworsalldg@economist.com,Male,167.66.248.135
486,Lemmie,Montague,lmontaguedh@ask.com,Male,173.64.18.230
487,Carline,Winscom,cwinscomdi@cloudflare.com,Female,114.219.235.133
488,Josy,Pittendreigh,jpittendreighdj@china.com.cn,Female,180.217.168.28
489,Garald,Leathart,gleathartdk@samsung.com,Male,118.212.127.179
490,Johna,Cunah,jcunahdl@redcross.org,Female,0.69.195.166
491,Carlita,Champerlen,cchamperlendm@marriott.com,Female,43.129.164.83
492,Rosabella,Christou,rchristoudn@freewebs.com,Female,76.38.38.29
493,Morgana,Sammon,msammondo@mapy.cz,Female,98.77.183.48
494,Mischa,Szreter,mszreterdp@vk.com,Male,29.67.81.106
495,Clyde,Teasdale,cteasdaledq@linkedin.com,Male,49.167.86.50
496,Daryle,Saull,dsaulldr@altervista.org,Male,247.174.175.124
497,Gracia,Langworthy,glangworthyds@sogou.com,Female,25.129.214.138
498,Ralina,Drysdale,rdrysdaledt@fda.gov,Female,40.64.220.186
499,Rowe,Orcas,rorcasdu@imdb.com,Female,82.233.154.28
500,Kris,Fobidge,kfobidgedv@storify.com,Male,215.2.102.105
501,Winnie,Skyme,wskymedw@hp.com,Female,39.128.19.241
502,Granville,Blofeld,gblofelddx@intel.com,Male,63.255.71.85
503,Algernon,Nellies,anelliesdy@live.com,Male,72.89.50.75
504,Marjory,Backhouse,mbackhousedz@flavors.me,Female,243.255.8.101
505,Luelle,Filippello,lfilippelloe0@answers.com,Female,24.186.148.7
506,Olivie,Hendrichs,ohendrichse1@gravatar.com,Female,141.126.44.95
507,Lev,Escoffrey,lescoffreye2@tumblr.com,Male,28.169.200.14
508,Hussein,Mallabone,hmallabonee3@cpanel.net,Male,255.162.75.245
509,Issiah,Piercey,ipierceye4@cnbc.com,Male,113.185.33.150
510,Johann,Anglish,janglishe5@bigcartel.com,Male,83.53.90.224
511,Leda,Muirhead,lmuirheade6@auda.org.au,Female,171.222.32.131
512,Miguelita,Siflet,msiflete7@theglobeandmail.com,Female,35.174.29.39
513,Chantal,Collibear,ccollibeare8@ca.gov,Female,204.86.116.106
514,Hazlett,Pavelin,hpaveline9@yellowbook.com,Male,117.240.136.21
515,Putnem,Minmagh,pminmaghea@google.ru,Male,190.160.3.84
516,Osbourn,Meco,omecoeb@netlog.com,Male,81.6.108.250
517,Leroi,Parlour,lparlourec@reference.com,Male,169.90.125.135
518,Reidar,Diemer,rdiemered@nydailynews.com,Male,10.0.167.112
519,Jerad,Scryne,jscryneee@acquirethisname.com,Male,162.217.216.76
520,Jodee,Jaume,jjaumeef@examiner.com,Female,15.64.186.140
521,Bill,Corbet,bcorbeteg@sfgate.com,Female,151.71.109.153
522,Saleem,Fausset,sfausseteh@storify.com,Male,208.83.47.22
523,Terence,Lafflina,tlafflinaei@bigcartel.com,Male,229.59.56.75
524,Boone,Burlingham,bburlinghamej@4shared.com,Male,129.130.92.31
525,Cherie,Iapico,ciapicoek@nps.gov,Female,10.158.150.7
526,Jesse,Bernasek,jbernasekel@indiegogo.com,Male,32.62.17.84
527,Marika,Measor,mmeasorem@google.pl,Female,45.229.188.206
528,Trent,Daouze,tdaouzeen@posterous.com,Male,36.75.28.206
529,Freddy,Baudassi,fbaudassieo@webmd.com,Female,243.236.98.145
530,Mikkel,Hambric,mhambricep@intel.com,Male,215.89.206.130
531,Kalindi,Pounds,kpoundseq@slate.com,Female,82.147.162.123
532,Worthy,Craigie,wcraigieer@bigcartel.com,Male,111.39.95.9
533,Wrennie,Comello,wcomelloes@yale.edu,Female,193.11.225.78
534,Adrianna,Strettell,astrettellet@icio.us,Female,102.138.2.73
535,Wenona,Gillie,wgillieeu@technorati.com,Female,75.123.83.223
536,Charita,Laible,claibleev@about.me,Female,126.28.254.115
537,Kerry,Scholz,kscholzew@xing.com,Male,246.105.96.13
538,Kala,Latimer,klatimerex@narod.ru,Female,16.175.216.152
539,Jeth,Pero,jperoey@digg.com,Male,192.83.254.149
540,Loree,Bagg,lbaggez@bluehost.com,Female,49.22.199.138
541,Germain,Cowe,gcowef0@edublogs.org,Male,117.215.1.114
542,Shep,Mound,smoundf1@columbia.edu,Male,170.70.211.193
543,Virgina,Hagston,vhagstonf2@washingtonpost.com,Female,214.150.206.33
544,Zora,Kob,zkobf3@chron.com,Female,219.153.199.160
545,Reynolds,Village,rvillagef4@google.cn,Male,254.16.61.223
546,Annemarie,Lathleiffure,alathleiffuref5@t-online.de,Female,216.57.74.208
547,Jack,Dinning,jdinningf6@samsung.com,Male,65.26.198.196
548,Stephan,Andreaccio,sandreacciof7@meetup.com,Male,90.39.178.202
549,Winfred,Farmer,wfarmerf8@jiathis.com,Male,84.49.164.220
550,Darill,Mamwell,dmamwellf9@zdnet.com,Male,78.36.205.190
551,Anastasie,Hender,ahenderfa@time.com,Female,214.50.214.249
552,Pacorro,Davidovitz,pdavidovitzfb@paypal.com,Male,236.156.74.118
553,Frederic,Bissell,fbissellfc@bluehost.com,Male,87.140.62.195
554,Luella,Gobel,lgobelfd@google.co.jp,Female,75.72.6.57
555,Jaime,Giacomi,jgiacomife@blogspot.com,Female,106.172.202.11
556,Ellswerth,Smalridge,esmalridgeff@discovery.com,Male,78.155.2.170
557,Ashley,Penney,apenneyfg@google.ca,Female,87.73.72.178
558,Roland,Bartoli,rbartolifh@wp.com,Male,141.194.215.106
559,Gratia,Gott,ggottfi@google.pl,Female,195.14.197.1
560,Laure,Primo,lprimofj@sfgate.com,Female,226.245.211.42
561,Waldo,Dominetti,wdominettifk@thetimes.co.uk,Male,208.69.234.216
562,Ruddie,Cow,rcowfl@paginegialle.it,Male,13.245.12.7
563,Lance,MacClure,lmacclurefm@mozilla.org,Male,222.94.234.169
564,Stepha,Dale,sdalefn@cdc.gov,Female,37.189.234.145
565,Jocko,Jay,jjayfo@businessinsider.com,Male,134.137.50.73
566,Monty,Casterot,mcasterotfp@msn.com,Male,213.127.189.222
567,Kristyn,Kohrs,kkohrsfq@hao123.com,Female,110.24.188.149
568,Klement,Lanphere,klanpherefr@ehow.com,Male,47.4.235.212
569,Annabel,Filyakov,afilyakovfs@nydailynews.com,Female,222.120.13.186
570,Mercie,Baskett,mbaskettft@examiner.com,Female,106.208.149.223
571,Heinrik,Mancktelow,hmancktelowfu@washingtonpost.com,Male,143.241.248.101
572,Elvina,Pleace,epleacefv@java.com,Female,76.192.92.234
573,Ramon,Hammant,rhammantfw@github.io,Male,16.101.228.255
574,Mile,Found,mfoundfx@over-blog.com,Male,21.229.149.252
575,Fraze,MacChaell,fmacchaellfy@bizjournals.com,Male,131.176.14.213
576,Llewellyn,Dodsley,ldodsleyfz@msu.edu,Male,183.249.187.100
577,Bo,Akehurst,bakehurstg0@ox.ac.uk,Male,190.107.56.211
578,Burch,Burdis,bburdisg1@soundcloud.com,Male,67.101.164.2
579,Ruprecht,Greave,rgreaveg2@aol.com,Male,119.233.88.9
580,William,Dickon,wdickong3@psu.edu,Male,233.248.191.153
581,Kass,Hove,khoveg4@goodreads.com,Female,131.152.14.233
582,Otes,Blaksley,oblaksleyg5@discovery.com,Male,120.216.192.128
583,Murdock,Leng,mlengg6@reverbnation.com,Male,105.246.0.201
584,Revkah,Haselgrove,rhaselgroveg7@amazonaws.com,Female,119.227.101.71
585,Randolf,Theis,rtheisg8@cbc.ca,Male,72.215.24.56
586,Myrah,Duligal,mduligalg9@canalblog.com,Female,50.54.209.134
587,Gal,Norvel,gnorvelga@army.mil,Male,220.197.120.98
588,Samson,Heinel,sheinelgb@sun.com,Male,211.121.76.233
589,Lyn,Clibbery,lclibberygc@who.int,Female,135.5.207.243
590,Friedrich,Bragg,fbragggd@nsw.gov.au,Male,179.104.98.63
591,Frederick,McKnockiter,fmcknockiterge@examiner.com,Male,66.48.45.11
592,Cyrillus,Eddow,ceddowgf@icio.us,Male,107.51.95.211
593,Ethelbert,Lampe,elampegg@ameblo.jp,Male,237.149.167.56
594,Essa,Swendell,eswendellgh@sun.com,Female,197.244.174.166
595,Mead,Palomba,mpalombagi@furl.net,Male,147.38.73.42
596,Ive,Worswick,iworswickgj@google.pl,Male,243.86.52.106
597,Rob,Riccardelli,rriccardelligk@globo.com,Male,88.154.112.130
598,Sacha,McArdle,smcardlegl@clickbank.net,Female,167.123.167.162
599,Aliza,Saintpierre,asaintpierregm@domainmarket.com,Female,120.223.225.29
600,Marve,Skett,mskettgn@yelp.com,Male,197.228.47.197
601,Allene,Burdikin,aburdikingo@scientificamerican.com,Female,140.235.72.104
602,Lawton,Grogona,lgrogonagp@topsy.com,Male,214.61.15.91
603,Holt,Klimas,hklimasgq@wikimedia.org,Male,234.32.63.231
604,Gertrude,Willishire,gwillishiregr@usatoday.com,Female,98.122.177.248
605,Winfield,Chatelot,wchatelotgs@fc2.com,Male,195.95.101.113
606,Danita,Ortiger,dortigergt@bloomberg.com,Female,160.31.89.96
607,Al,Gurnee,agurneegu@histats.com,Male,55.219.103.148
608,Troy,Danilovich,tdanilovichgv@furl.net,Male,59.127.223.143
609,Vonni,Witter,vwittergw@illinois.edu,Female,210.181.124.139
610,Prentiss,Gerold,pgeroldgx@who.int,Male,132.178.22.213
611,Sarah,Rignall,srignallgy@tumblr.com,Female,178.130.40.12
612,Kile,Jephcott,kjephcottgz@state.gov,Male,213.203.21.28
613,Cloe,Villaret,cvillareth0@google.ru,Female,76.6.209.61
614,Alyss,Enos,aenosh1@gizmodo.com,Female,65.77.229.234
615,Judie,Budnik,jbudnikh2@pcworld.com,Female,211.85.142.108
616,Monte,Maior,mmaiorh3@hc360.com,Male,58.190.122.54
617,Maisey,Ronan,mronanh4@gnu.org,Female,133.140.249.132
618,Claus,Lefwich,clefwichh5@google.cn,Male,13.14.151.147
619,Hercule,Zellick,hzellickh6@marriott.com,Male,65.253.171.181
620,Leda,Colleymore,lcolleymoreh7@simplemachines.org,Female,165.182.151.241
621,Marjory,Betham,mbethamh8@diigo.com,Female,20.105.133.186
622,Erroll,Conti,econtih9@topsy.com,Male,182.62.173.70
623,Belita,Stockell,bstockellha@goo.gl,Female,174.62.3.207
624,Darrel,Iacobo,diacobohb@businesswire.com,Male,252.140.108.226
625,Bobby,Aaron,baaronhc@techcrunch.com,Female,17.61.235.150
626,Jory,Kolak,jkolakhd@nih.gov,Male,241.204.150.188
627,L;urette,Rushmere,lrushmerehe@illinois.edu,Female,179.35.161.186
628,Ban,Maxworthy,bmaxworthyhf@washingtonpost.com,Male,62.50.179.20
629,Herold,Sabey,hsabeyhg@wikia.com,Male,165.36.166.155
630,Adrian,Albinson,aalbinsonhh@amazon.de,Female,252.40.41.109
631,Harrie,Scullion,hscullionhi@shop-pro.jp,Female,234.8.143.246
632,Sergio,Stagge,sstaggehj@cmu.edu,Male,105.78.114.249
633,Stafani,Frascone,sfrasconehk@reddit.com,Female,85.36.175.60
634,Huberto,Foyston,hfoystonhl@ca.gov,Male,13.152.46.87
635,Elijah,Nielson,enielsonhm@linkedin.com,Male,59.80.19.50
636,Gilles,Locker,glockerhn@soundcloud.com,Male,212.32.102.150
637,Raeann,Rennocks,rrennocksho@cyberchimps.com,Female,84.162.25.215
638,Grenville,Devonshire,gdevonshirehp@ning.com,Male,28.17.11.212
639,Onfre,Emsley,oemsleyhq@theglobeandmail.com,Male,216.69.135.41
640,Caroljean,Jan,cjanhr@businessweek.com,Female,130.171.57.211
641,Mariann,Shorrock,mshorrockhs@youtube.com,Female,12.192.98.115
642,Kristin,Beswell,kbeswellht@mozilla.com,Female,90.74.230.15
643,Brandice,O'Geaney,bogeaneyhu@deliciousdays.com,Female,93.52.123.145
644,Winnifred,Pock,wpockhv@economist.com,Female,154.217.234.42
645,Myron,Thridgould,mthridgouldhw@jugem.jp,Male,13.126.207.122
646,Michelle,Selway,mselwayhx@adobe.com,Female,213.130.155.39
647,Walton,Grundy,wgrundyhy@noaa.gov,Male,230.70.245.227
648,Nessy,Willbourne,nwillbournehz@abc.net.au,Female,149.213.196.217
649,Dionisio,Clemmey,dclemmeyi0@miitbeian.gov.cn,Male,33.42.157.131
650,Olive,Godehard.sf,ogodehardsfi1@ameblo.jp,Female,217.55.149.212
651,Gerek,Harner,gharneri2@eepurl.com,Male,31.226.198.121
652,Carole,Creus,ccreusi3@barnesandnoble.com,Female,149.35.84.111
653,Dallon,Jiruca,djirucai4@squidoo.com,Male,0.21.92.206
654,Kissiah,Clarke-Williams,kclarkewilliamsi5@whitehouse.gov,Female,239.61.148.210
655,Doll,Mulqueen,dmulqueeni6@rediff.com,Female,22.149.121.174
656,Hayward,Gerrish,hgerrishi7@businessweek.com,Male,215.138.201.62
657,Freemon,Bushel,fbusheli8@ted.com,Male,34.110.87.197
658,Maurizia,Mifflin,mmifflini9@marriott.com,Female,146.213.110.124
659,Lavinie,Boc,lbocia@vimeo.com,Female,164.245.85.232
660,Alfred,Chalcot,achalcotib@illinois.edu,Male,55.74.224.181
661,Elfreda,Suddell,esuddellic@indiegogo.com,Female,173.173.102.198
662,Bar,Eardley,beardleyid@ft.com,Male,189.162.157.44
663,Carlyle,Best,cbestie@woothemes.com,Male,102.186.108.24
664,Julina,Jecks,jjecksif@cam.ac.uk,Female,224.50.23.205
665,Cirilo,Emor,cemorig@360.cn,Male,176.77.234.203
666,Layne,Ellerington,lelleringtonih@ibm.com,Female,221.110.71.218
667,Red,Rylett,rrylettii@unc.edu,Male,100.242.34.3
668,Burke,Elsmor,belsmorij@sun.com,Male,186.85.125.142
669,Nowell,Salman,nsalmanik@aboutads.info,Male,248.54.53.61
670,Rancell,Kingh,rkinghil@jimdo.com,Male,9.177.233.7
671,Geri,Bills,gbillsim@nps.gov,Male,68.7.251.4
672,Helge,Trembey,htrembeyin@wix.com,Female,38.11.239.171
673,Dona,MacPhaden,dmacphadenio@t-online.de,Female,39.45.58.45
674,Tiena,Olliff,tolliffip@discovery.com,Female,26.219.78.72
675,Eydie,Eves,eevesiq@army.mil,Female,3.175.151.13
676,Eugenio,Harby,eharbyir@mozilla.org,Male,47.87.144.157
677,Candace,Duignan,cduignanis@newsvine.com,Female,146.138.231.176
678,Vilhelmina,Anster,vansterit@businessweek.com,Female,231.197.113.67
679,Monte,Wimpress,mwimpressiu@google.pl,Male,220.231.112.198
680,Maurice,Whitmore,mwhitmoreiv@sfgate.com,Male,68.148.179.110
681,Burch,Bernardon,bbernardoniw@virginia.edu,Male,181.65.7.199
682,Brandise,Carrane,bcarraneix@nbcnews.com,Female,239.31.1.84
683,Aurie,Masseo,amasseoiy@csmonitor.com,Female,24.112.74.245
684,Heall,Aspy,haspyiz@istockphoto.com,Male,62.108.107.163
685,Nickolai,Double,ndoublej0@seattletimes.com,Male,252.146.157.164
686,Dick,Baddow,dbaddowj1@miitbeian.gov.cn,Male,123.88.237.117
687,Laura,Vinter,lvinterj2@bbb.org,Female,200.246.236.72
688,Dalli,Sprason,dsprasonj3@yahoo.co.jp,Male,54.69.239.203
689,Jessica,Kristiansen,jkristiansenj4@wunderground.com,Female,3.192.61.243
690,Jedd,Brayn,jbraynj5@toplist.cz,Male,222.121.19.37
691,Evvie,Pescod,epescodj6@cnet.com,Female,53.17.197.12
692,Alva,Colley,acolleyj7@cbc.ca,Male,47.2.17.168
693,Sharline,Carlton,scarltonj8@reuters.com,Female,133.189.142.230
694,Emili,Thaine,ethainej9@earthlink.net,Female,220.117.78.41
695,Lian,Prover,lproverja@pcworld.com,Female,35.48.185.205
696,Phillipe,Koopman,pkoopmanjb@nymag.com,Male,17.242.229.84
697,Ingra,Masserel,imassereljc@edublogs.org,Male,185.140.140.145
698,Arabela,Spurier,aspurierjd@adobe.com,Female,235.226.122.13
699,Hughie,Malley,hmalleyje@rakuten.co.jp,Male,214.176.54.9
700,Germana,Caizley,gcaizleyjf@twitpic.com,Female,128.194.118.55
701,Wendall,Schulz,wschulzjg@abc.net.au,Male,217.17.246.192
702,Lavena,Hamblen,lhamblenjh@bing.com,Female,170.204.127.136
703,Brandyn,Eckhard,beckhardji@so-net.ne.jp,Male,214.49.182.100
704,Merry,Jacobsohn,mjacobsohnjj@bloglines.com,Male,77.10.186.120
705,Shell,Dawtre,sdawtrejk@nationalgeographic.com,Male,218.141.189.66
706,Shina,Common,scommonjl@blinklist.com,Female,111.33.20.12
707,Ediva,Mundwell,emundwelljm@economist.com,Female,129.205.102.112
708,Kareem,Abdy,kabdyjn@uiuc.edu,Male,159.111.229.60
709,Suzy,Baty,sbatyjo@csmonitor.com,Female,196.88.233.5
710,Tilly,Ravens,travensjp@histats.com,Female,206.209.174.67
711,Floris,Schmidt,fschmidtjq@google.pl,Female,45.27.116.50
712,Kellby,Webley,kwebleyjr@va.gov,Male,51.138.168.153
713,Andreas,Einchcombe,aeinchcombejs@ovh.net,Male,167.29.150.164
714,Kariotta,Haddon,khaddonjt@webeden.co.uk,Female,255.117.48.19
715,Bastian,Lewing,blewingju@etsy.com,Male,125.129.251.131
716,Isac,Roke,irokejv@ycombinator.com,Male,199.4.66.7
717,Willow,Rothon,wrothonjw@oakley.com,Female,207.95.98.91
718,Dorthy,Timny,dtimnyjx@yahoo.com,Female,66.48.114.226
719,Sharona,Siddons,ssiddonsjy@nih.gov,Female,210.66.51.106
720,Ely,Blacksland,eblackslandjz@sourceforge.net,Male,4.2.65.3
721,Viv,Hourstan,vhourstank0@goo.gl,Female,178.1.6.236
722,Rocky,Gaitone,rgaitonek1@yahoo.com,Male,57.137.0.140
723,Celesta,Despenser,cdespenserk2@businessinsider.com,Female,116.169.150.7
724,Stefa,Wyndham,swyndhamk3@yandex.ru,Female,115.228.152.64
725,Cornie,Castelin,ccastelink4@apache.org,Female,190.225.32.72
726,Frans,Cominetti,fcominettik5@behance.net,Male,136.81.235.206
727,Reid,Ambrogioni,rambrogionik6@geocities.jp,Male,163.82.183.7
728,Matthew,Arbon,marbonk7@berkeley.edu,Male,167.209.105.188
729,Kyle,Albury,kalburyk8@miitbeian.gov.cn,Male,4.64.77.140
730,Rancell,Speares,rspearesk9@alexa.com,Male,55.148.20.102
731,Gaelan,Garnul,ggarnulka@discuz.net,Male,49.165.164.214
732,Kimberlyn,Wickenden,kwickendenkb@storify.com,Female,7.138.179.94
733,Minna,Peters,mpeterskc@geocities.com,Female,158.52.61.16
734,Madelin,Dakhov,mdakhovkd@dell.com,Female,89.51.37.241
735,Ewart,Ekins,eekinske@illinois.edu,Male,147.219.14.13
736,Euell,Goodbairn,egoodbairnkf@dyndns.org,Male,189.114.47.108
737,Simon,Revens,srevenskg@who.int,Male,137.6.226.224
738,Ravid,Brewett,rbrewettkh@nydailynews.com,Male,22.222.2.180
739,Ellie,Sugden,esugdenki@qq.com,Female,212.158.191.115
740,Phillie,Tetlow,ptetlowkj@sciencedirect.com,Female,132.9.51.11
741,Meg,Flaws,mflawskk@state.gov,Female,1.184.168.243
742,Sterne,Broadberry,sbroadberrykl@google.co.jp,Male,90.241.95.31
743,Hanson,Treadgear,htreadgearkm@t-online.de,Male,236.160.89.171
744,Madelle,Menel,mmenelkn@hhs.gov,Female,126.241.179.161
745,Hunter,Jzhakov,hjzhakovko@cpanel.net,Male,196.43.130.15
746,Sheilah,Piecha,spiechakp@mediafire.com,Female,220.86.183.136
747,Ashlen,Bennett,abennettkq@indiegogo.com,Female,12.226.128.54
748,Demetris,Pretty,dprettykr@wikipedia.org,Male,30.235.133.42
749,Lyn,Walaron,lwalaronks@1688.com,Female,197.54.217.100
750,Emmalyn,Bowlesworth,ebowlesworthkt@livejournal.com,Female,166.230.10.181
751,Karen,Sheryn,ksherynku@acquirethisname.com,Female,2.9.74.91
752,Robbert,Houtbie,rhoutbiekv@sciencedaily.com,Male,158.225.184.114
753,Thorvald,Cure,tcurekw@hugedomains.com,Male,96.41.3.77
754,Charisse,Fliege,cfliegekx@diigo.com,Female,38.1.75.83
755,Hadrian,Fripps,hfrippsky@paypal.com,Male,52.126.163.192
756,Lowe,Manthroppe,lmanthroppekz@narod.ru,Male,80.24.134.144
757,Caty,Snoday,csnodayl0@sciencedaily.com,Female,241.176.118.69
758,Lane,Wiz,lwizl1@nhs.uk,Female,22.64.102.106
759,Haily,Raftery,hrafteryl2@eepurl.com,Female,241.212.115.49
760,Worthy,Gadman,wgadmanl3@irs.gov,Male,63.165.219.150
761,Verna,Bowling,vbowlingl4@wsj.com,Female,139.251.166.194
762,Kacie,Penk,kpenkl5@apple.com,Female,30.166.200.126
763,Merline,Trewman,mtrewmanl6@phpbb.com,Female,167.68.230.238
764,Deloria,Teasdale,dteasdalel7@engadget.com,Female,58.222.22.98
765,Noami,Carriage,ncarriagel8@sina.com.cn,Female,27.122.241.105
766,Ripley,Izzatt,rizzattl9@craigslist.org,Male,45.112.241.182
767,Bogey,Myers,bmyersla@macromedia.com,Male,99.240.204.215
768,Keefer,Puttnam,kputtnamlb@sakura.ne.jp,Male,191.76.96.214
769,Antons,Grenshiels,agrenshielslc@illinois.edu,Male,33.140.65.13
770,Culley,Costock,ccostockld@archive.org,Male,113.243.101.139
771,Wilma,Page,wpagele@amazon.co.jp,Female,165.113.194.224
772,Yardley,Gooble,ygooblelf@alexa.com,Male,66.225.90.35
773,Raynard,Hansill,rhansilllg@com.com,Male,96.138.70.242
774,Gerrard,Bennison,gbennisonlh@senate.gov,Male,204.40.40.24
775,Jerrold,Nurdin,jnurdinli@amazon.co.jp,Male,69.167.173.86
776,Astrid,Kubu,akubulj@about.com,Female,29.82.81.0
777,Madel,Scotchforth,mscotchforthlk@home.pl,Female,175.78.72.185
778,Bambie,Blades,bbladesll@mozilla.org,Female,223.8.206.251
779,Perceval,Anstiss,panstisslm@usnews.com,Male,195.2.80.62
780,Janenna,Wulfinger,jwulfingerln@nps.gov,Female,246.225.147.49
781,Naoma,Tunuy,ntunuylo@51.la,Female,218.141.232.213
782,Amby,Shorthouse,ashorthouselp@trellian.com,Male,95.45.17.92
783,Shermy,Staziker,sstazikerlq@github.io,Male,246.158.151.63
784,Aundrea,Bernardino,abernardinolr@biblegateway.com,Female,39.112.11.217
785,Torrie,Tancock,ttancockls@timesonline.co.uk,Female,108.224.13.16
786,Patience,Foulcher,pfoulcherlt@macromedia.com,Female,23.59.11.15
787,Jaquelin,Thurlow,jthurlowlu@sfgate.com,Female,35.236.159.62
788,Carmon,Gooley,cgooleylv@theguardian.com,Female,59.68.215.17
789,Amy,Merioth,ameriothlw@slideshare.net,Female,26.132.76.231
790,Devinne,Kunkler,dkunklerlx@nymag.com,Female,6.248.154.132
791,Aylmer,Brice,abricely@hp.com,Male,174.230.184.150
792,Melvyn,Masserel,mmasserellz@goo.gl,Male,131.202.249.0
793,Riordan,Ingray,ringraym0@foxnews.com,Male,129.87.156.110
794,Imogen,Mansel,imanselm1@prweb.com,Female,169.186.80.20
795,Stevena,Lambregts,slambregtsm2@salon.com,Female,43.127.11.34
796,Dodie,Slograve,dslogravem3@networksolutions.com,Female,253.149.158.22
797,Cassi,Gabriel,cgabrielm4@free.fr,Female,208.127.4.37
798,Carroll,Escott,cescottm5@t.co,Female,216.233.222.185
799,Lynea,Adamides,ladamidesm6@altervista.org,Female,129.32.18.105
800,Rosita,Lippiello,rlippiellom7@mayoclinic.com,Female,14.34.24.17
801,Petronilla,Spratling,pspratlingm8@ycombinator.com,Female,238.121.240.36
802,Jud,Hitchens,jhitchensm9@census.gov,Male,0.223.29.250
803,Shantee,Tustin,stustinma@jalbum.net,Female,1.228.78.243
804,Aurilia,Hillen,ahillenmb@purevolume.com,Female,179.36.159.198
805,Anne-marie,Mushart,amushartmc@csmonitor.com,Female,120.179.141.199
806,Carly,Eberlein,ceberleinmd@wufoo.com,Female,134.117.89.82
807,Merilyn,Batchan,mbatchanme@prlog.org,Female,184.105.116.200
808,Aindrea,McGuff,amcguffmf@oaic.gov.au,Female,93.243.250.104
809,Madlen,O'Shirine,moshirinemg@mozilla.org,Female,51.134.38.238
810,Morganne,Demogeot,mdemogeotmh@irs.gov,Female,153.224.45.151
811,Nannie,Dach,ndachmi@microsoft.com,Female,255.70.219.51
812,Doe,Prosser,dprossermj@wikia.com,Female,191.134.114.176
813,Jorgan,O'Dreain,jodreainmk@studiopress.com,Male,0.165.27.178
814,Nate,Ure,nureml@forbes.com,Male,55.44.208.117
815,Raf,Pickles,rpicklesmm@uol.com.br,Female,33.236.211.10
816,Oliver,Cartmel,ocartmelmn@google.ca,Male,172.209.36.157
817,Latrena,Sabater,lsabatermo@360.cn,Female,208.7.23.11
818,Kylie,Hebbard,khebbardmp@usa.gov,Female,104.163.168.112
819,Pierce,Danniell,pdanniellmq@twitpic.com,Male,153.29.255.117
820,Brian,Wingate,bwingatemr@aboutads.info,Male,252.173.181.177
821,Thomasa,Boys,tboysms@hugedomains.com,Female,10.176.27.109
822,Pen,Rizzo,prizzomt@issuu.com,Female,212.71.7.160
823,Corette,Madeley,cmadeleymu@gravatar.com,Female,151.230.84.69
824,Jody,Digle,jdiglemv@paypal.com,Female,232.34.169.58
825,Callean,Drane,cdranemw@dyndns.org,Male,156.40.41.144
826,Wye,Skade,wskademx@instagram.com,Male,192.101.108.240
827,Dolf,Howchin,dhowchinmy@craigslist.org,Male,156.76.238.6
828,Mario,Piggin,mpigginmz@dyndns.org,Male,130.192.24.74
829,Nicoli,Turnor,nturnorn0@godaddy.com,Female,76.78.35.182
830,Maddalena,Brazur,mbrazurn1@cpanel.net,Female,240.71.199.118
831,Dorree,Cuttelar,dcuttelarn2@google.co.jp,Female,114.178.45.130
832,Tammi,Unsworth,tunsworthn3@cam.ac.uk,Female,176.55.12.82
833,Wallache,Thorp,wthorpn4@jimdo.com,Male,18.221.6.221
834,Mile,Paylor,mpaylorn5@senate.gov,Male,190.101.70.44
835,Harlie,Tiley,htileyn6@squidoo.com,Female,126.151.82.255
836,Sophey,Sunners,ssunnersn7@nymag.com,Female,195.77.123.231
837,Augustus,Leddie,aleddien8@twitpic.com,Male,158.249.189.8
838,Mellisa,Colliss,mcollissn9@ibm.com,Female,191.201.14.128
839,Lilli,Pulhoster,lpulhosterna@sun.com,Female,68.80.222.224
840,Rocky,Targe,rtargenb@mapy.cz,Male,143.161.234.68
841,Maisey,Padkin,mpadkinnc@clickbank.net,Female,37.4.154.17
842,Cortie,Bloore,cbloorend@example.com,Male,212.94.234.167
843,Orelie,Twelvetree,otwelvetreene@weibo.com,Female,28.85.232.123
844,Mata,Erswell,merswellnf@nifty.com,Male,208.155.185.192
845,Glori,Kluss,gklussng@hc360.com,Female,30.179.142.119
846,Jaquelyn,Barttrum,jbarttrumnh@princeton.edu,Female,153.12.23.113
847,Ernestus,Raeburn,eraeburnni@census.gov,Male,173.232.143.120
848,Bonny,Orrum,borrumnj@t-online.de,Female,29.250.21.111
849,Toby,Dregan,tdregannk@rediff.com,Female,113.214.195.138
850,Redd,Sheard,rsheardnl@aboutads.info,Male,177.116.171.197
851,Emmey,Stork,estorknm@yale.edu,Female,244.51.228.193
852,Anderson,Challace,achallacenn@mtv.com,Male,180.125.36.8
853,Archy,Ollie,aollieno@cpanel.net,Male,233.187.105.8
854,Natty,Bolderstone,nbolderstonenp@flavors.me,Female,201.103.164.185
855,Derril,Ikins,dikinsnq@example.com,Male,219.119.128.135
856,Kania,Torrejon,ktorrejonnr@mozilla.com,Female,190.55.246.125
857,Rhody,Archbould,rarchbouldns@go.com,Female,243.47.43.237
858,Fallon,Hilbourne,fhilbournent@apache.org,Female,165.177.205.235
859,Derry,Goodburn,dgoodburnnu@tripod.com,Male,128.17.186.121
860,Claiborn,Gallimore,cgallimorenv@arstechnica.com,Male,225.196.127.222
861,Alexandre,Fairhead,afairheadnw@merriam-webster.com,Male,135.98.41.48
862,Luca,Gauvin,lgauvinnx@goo.gl,Male,142.150.139.180
863,Dene,Pudding,dpuddingny@feedburner.com,Male,155.203.215.222
864,Zechariah,Jefford,zjeffordnz@cam.ac.uk,Male,19.118.214.201
865,Ulrick,Mullin,umullino0@arizona.edu,Male,140.209.91.12
866,Petronia,Bramelt,pbramelto1@hhs.gov,Female,191.69.113.142
867,Sherrie,Larkings,slarkingso2@yandex.ru,Female,52.254.115.1
868,Justinian,Crenshaw,jcrenshawo3@cornell.edu,Male,207.200.39.201
869,Lilyan,Syvret,lsyvreto4@marketwatch.com,Female,208.159.189.239
870,Brena,Golsworthy,bgolsworthyo5@last.fm,Female,107.92.5.254
871,Bel,Crisell,bcrisello6@google.nl,Female,112.157.171.53
872,Basilio,Blampey,bblampeyo7@census.gov,Male,220.3.208.10
873,Agosto,Sparks,asparkso8@cornell.edu,Male,27.53.85.230
874,Violetta,Luckin,vluckino9@mail.ru,Female,191.146.94.7
875,Kelley,Croix,kcroixoa@marketwatch.com,Female,16.82.67.200
876,Virge,Leftly,vleftlyob@about.com,Male,81.18.122.167
877,Gwynne,Peartree,gpeartreeoc@shareasale.com,Female,50.130.197.85
878,Devy,Gurry,dgurryod@prlog.org,Male,197.198.33.170
879,Carrol,Lineker,clinekeroe@w3.org,Male,166.134.66.7
880,Kimbell,Beddall,kbeddallof@huffingtonpost.com,Male,240.184.138.246
881,Idalia,Forber,iforberog@cnn.com,Female,31.193.197.157
882,Klemens,Dorling,kdorlingoh@pbs.org,Male,251.154.232.98
883,Garvey,Etchingham,getchinghamoi@ebay.co.uk,Male,50.233.42.223
884,Talia,Fenton,tfentonoj@bravesites.com,Female,122.6.26.218
885,Minny,Jennick,mjennickok@examiner.com,Female,253.250.170.232
886,Allyn,Murthwaite,amurthwaiteol@linkedin.com,Male,123.63.45.204
887,Ernie,Syson,esysonom@yellowpages.com,Male,90.43.121.23
888,Marina,Uzelli,muzellion@newsvine.com,Female,143.176.197.143
889,Jerald,Knotton,jknottonoo@house.gov,Male,136.31.14.76
890,Rik,McGuiney,rmcguineyop@fastcompany.com,Male,54.153.128.123
891,Denna,Karus,dkarusoq@ovh.net,Female,57.106.60.167
892,Donnamarie,Harewood,dharewoodor@ucoz.com,Female,130.135.242.66
893,Alexio,Maseres,amaseresos@geocities.jp,Male,94.64.0.215
894,Julianne,Wace,jwaceot@taobao.com,Female,175.214.25.193
895,Aleta,Bootes,abootesou@theguardian.com,Female,97.159.175.106
896,Issi,Fairbard,ifairbardov@soup.io,Female,193.188.206.205
897,Perren,Commander,pcommanderow@yale.edu,Male,118.200.213.72
898,Obed,Geerits,ogeeritsox@miibeian.gov.cn,Male,9.78.180.82
899,Adriane,Shiels,ashielsoy@goo.gl,Female,234.62.153.162
900,Issy,Awty,iawtyoz@mtv.com,Female,193.110.13.47
901,Ara,Borley,aborleyp0@howstuffworks.com,Male,97.224.166.86
902,Barbara-anne,Cuthill,bcuthillp1@t-online.de,Female,127.162.135.159
903,Dallon,Gough,dgoughp2@mayoclinic.com,Male,108.183.8.194
904,Raffaello,Rosenvasser,rrosenvasserp3@amazon.co.jp,Male,154.124.102.173
905,Nelle,Courtese,ncourtesep4@sciencedirect.com,Female,119.100.85.169
906,Mortie,Robertz,mrobertzp5@ucoz.ru,Male,243.177.141.233
907,Belva,Cholton,bcholtonp6@plala.or.jp,Female,95.27.183.52
908,Arch,Lawty,alawtyp7@angelfire.com,Male,52.13.124.253
909,Lorne,Popland,lpoplandp8@upenn.edu,Female,81.56.114.185
910,Addie,de'-Ancy Willis,adeancywillisp9@si.edu,Male,156.198.100.206
911,Mel,Ghest,mghestpa@wp.com,Female,168.42.165.85
912,Helenka,Birdall,hbirdallpb@fda.gov,Female,111.55.246.123
913,Jessy,Marrows,jmarrowspc@people.com.cn,Female,122.3.254.86
914,Noble,Pothecary,npothecarypd@livejournal.com,Male,91.151.175.234
915,Suzanne,Baumaier,sbaumaierpe@pbs.org,Female,205.73.216.88
916,Phineas,Wildbore,pwildborepf@multiply.com,Male,18.82.227.27
917,Rob,Heggman,rheggmanpg@51.la,Male,128.184.140.222
918,Maryl,Blanque,mblanqueph@instagram.com,Female,39.250.11.241
919,Leola,Casero,lcaseropi@nytimes.com,Female,197.86.228.226
920,Ronald,Camden,rcamdenpj@meetup.com,Male,237.230.217.53
921,Dolorita,Blasing,dblasingpk@nasa.gov,Female,63.57.41.175
922,Luz,Farnorth,lfarnorthpl@apple.com,Female,80.48.203.239
923,Guillemette,Scowcraft,gscowcraftpm@imgur.com,Female,53.182.186.244
924,Averill,Gervaise,agervaisepn@telegraph.co.uk,Male,67.169.41.54
925,Monty,Philcock,mphilcockpo@yale.edu,Male,16.182.194.148
926,Debee,Pawley,dpawleypp@usnews.com,Female,144.193.148.234
927,Case,Vinden,cvindenpq@psu.edu,Male,57.197.90.118
928,Ekaterina,Linney,elinneypr@buzzfeed.com,Female,4.75.149.17
929,Tobie,Del Castello,tdelcastellops@vinaora.com,Male,34.218.229.41
930,Francisco,Hatherell,fhatherellpt@wired.com,Male,129.209.80.22
931,Paxton,O'Flaverty,poflavertypu@baidu.com,Male,65.45.99.178
932,Brunhilda,Phillipp,bphillipppv@ebay.com,Female,64.104.176.71
933,Cecilia,Hartigan,chartiganpw@opensource.org,Female,122.30.66.221
934,Nadya,Matej,nmatejpx@woothemes.com,Female,119.99.159.92
935,Benoit,Sall,bsallpy@army.mil,Male,237.164.255.98
936,Luci,Mundall,lmundallpz@oaic.gov.au,Female,67.165.153.205
937,Parke,Lambie,plambieq0@nifty.com,Male,134.56.127.72
938,Kiley,Foulsham,kfoulshamq1@1688.com,Female,205.89.148.120
939,Truda,Sherburn,tsherburnq2@fastcompany.com,Female,103.51.154.222
940,Chrisse,Ricker,crickerq3@hc360.com,Male,114.211.212.194
941,Faythe,Fortescue,ffortescueq4@blogger.com,Female,71.140.49.71
942,Georas,Satterfitt,gsatterfittq5@army.mil,Male,43.252.13.185
943,Levon,Dot,ldotq6@sohu.com,Male,8.208.132.219
944,Bridie,Medgwick,bmedgwickq7@weebly.com,Female,66.213.166.233
945,Brigit,Lilly,blillyq8@artisteer.com,Female,60.22.174.202
946,Willi,Vanyashkin,wvanyashkinq9@jalbum.net,Male,140.129.134.71
947,Rosalind,Ubsdell,rubsdellqa@fotki.com,Female,42.60.73.191
948,Elita,Alessandone,ealessandoneqb@g.co,Female,213.197.239.59
949,Maynard,Petrovsky,mpetrovskyqc@patch.com,Male,215.188.242.138
950,Hebert,Zupone,hzuponeqd@ed.gov,Male,82.36.15.41
951,Ursulina,Pulster,upulsterqe@networkadvertising.org,Female,65.45.78.155
952,Parry,Swynley,pswynleyqf@independent.co.uk,Male,206.147.134.99
953,Opalina,Aleveque,oalevequeqg@mtv.com,Female,231.235.233.250
954,Edd,Anderer,eandererqh@amazon.com,Male,14.200.151.77
955,Robin,MacFadin,rmacfadinqi@4shared.com,Female,10.180.218.192
956,Rolfe,Lyvon,rlyvonqj@gravatar.com,Male,209.164.64.169
957,Tanya,Bond,tbondqk@shinystat.com,Female,41.90.89.108
958,Vaclav,Brazelton,vbrazeltonql@simplemachines.org,Male,171.229.45.29
959,Lyndel,Dawbury,ldawburyqm@t.co,Female,77.235.112.212
960,Tucker,Daleman,tdalemanqn@godaddy.com,Male,243.168.144.218
961,Jarred,Cuthill,jcuthillqo@free.fr,Male,177.187.111.204
962,Tommi,Daffey,tdaffeyqp@goo.gl,Female,200.247.100.200
963,Derrek,O'Hartnett,dohartnettqq@ow.ly,Male,139.44.19.192
964,Mic,Peckitt,mpeckittqr@histats.com,Male,225.19.144.36
965,Fonzie,Arnoud,farnoudqs@miibeian.gov.cn,Male,205.66.137.211
966,Pru,Ladd,pladdqt@t.co,Female,27.254.162.144
967,Bjorn,Rooney,brooneyqu@etsy.com,Male,17.113.140.128
968,Joel,Bausmann,jbausmannqv@sbwire.com,Male,152.59.69.6
969,Henrik,Paulley,hpaulleyqw@ted.com,Male,97.201.10.136
970,Minda,Piddick,mpiddickqx@opera.com,Female,76.74.148.156
971,Rufe,Kermon,rkermonqy@mit.edu,Male,234.222.90.208
972,Bram,Doree,bdoreeqz@sakura.ne.jp,Male,50.53.247.178
973,Adriane,Klos,aklosr0@slideshare.net,Female,82.128.132.109
974,Charisse,Drillingcourt,cdrillingcourtr1@walmart.com,Female,22.126.204.13
975,Rourke,Musslewhite,rmusslewhiter2@tiny.cc,Male,178.21.80.197
976,Lawry,Yeardsley,lyeardsleyr3@i2i.jp,Male,108.94.147.109
977,Mervin,Castiglio,mcastiglior4@pagesperso-orange.fr,Male,12.174.2.88
978,Eartha,Fricker,efrickerr5@163.com,Female,197.136.118.231
979,Britney,Clifft,bclifftr6@who.int,Female,187.8.37.181
980,Portie,Medway,pmedwayr7@dailymail.co.uk,Male,3.168.158.27
981,Francklyn,Gegay,fgegayr8@hp.com,Male,86.192.173.210
982,Costa,Alvy,calvyr9@blinklist.com,Male,222.206.16.118
983,Jayne,Josipovic,jjosipovicra@discovery.com,Female,168.134.140.24
984,Karl,Wingar,kwingarrb@fda.gov,Male,68.153.197.160
985,Dana,Stanex,dstanexrc@yahoo.com,Male,65.13.195.190
986,Alejandrina,Richter,arichterrd@cbsnews.com,Female,188.114.60.137
987,Lorelle,Carine,lcarinere@gnu.org,Female,31.235.1.22
988,Piotr,Bard,pbardrf@gravatar.com,Male,125.62.206.110
989,Chaunce,Amthor,camthorrg@zdnet.com,Male,211.106.57.90
990,Bertine,Keunemann,bkeunemannrh@stanford.edu,Female,142.149.225.107
991,Lottie,Osman,losmanri@amazon.co.uk,Female,52.225.127.178
992,Ada,Haensel,ahaenselrj@w3.org,Female,22.164.123.164
993,Helen-elizabeth,Yapp,hyapprk@apple.com,Female,60.253.123.44
994,Rip,Walhedd,rwalheddrl@sbwire.com,Male,9.223.85.175
995,Kandy,Hymer,khymerrm@chron.com,Female,8.199.128.223
996,Farlay,MacTimpany,fmactimpanyrn@ebay.com,Male,108.154.101.226
997,Julianna,Manger,jmangerro@census.gov,Female,103.118.226.43
998,Gipsy,Dietzler,gdietzlerrp@discuz.net,Female,153.148.147.111
999,Barn,Jako,bjakorq@blogger.com,Male,85.186.95.187
1000,Buddie,Aldins,baldinsrr@ox.ac.uk,Male,140.131.173.198
